x-axis,1,2
second,Volt,Volt
+10.20000E-03,-2.54206032E+00,-5.65515080E+00
+10.25000E-03,-2.94407037E+00,-5.65515080E+00
+10.30000E-03,-2.94407037E+00,-6.05716085E+00
+10.35000E-03,-3.34608042E+00,-6.25013382E+00
+10.40000E-03,-3.74809048E+00,-6.45917091E+00
+10.45000E-03,-4.15010053E+00,-6.76471088E+00
+10.50000E-03,-4.15010053E+00,-7.02199942E+00
+10.55000E-03,-4.55211058E+00,-7.26319101E+00
+10.60000E-03,-4.95412064E+00,-7.53657648E+00
+10.65000E-03,-5.35613069E+00,-7.66520107E+00
+10.70000E-03,-5.37218826E+00,-8.06721112E+00
+10.75000E-03,-5.99937171E+00,-8.46922117E+00
+10.80000E-03,-6.16015080E+00,-8.46922117E+00
+10.85000E-03,-6.56216085E+00,-8.87123123E+00
+10.90000E-03,-6.96417090E+00,-8.87123123E+00
+10.95000E-03,-6.96417090E+00,-9.27324128E+00
+11.00000E-03,-7.36618096E+00,-9.67525133E+00
+11.05000E-03,-7.54310291E+00,-9.67525133E+00
+11.10000E-03,-7.76819101E+00,-10.07726139E+00
+11.15000E-03,-8.17020106E+00,-10.36675035E+00
+11.20000E-03,-8.31496851E+00,-10.47927144E+00
+11.25000E-03,-8.57221112E+00,-10.88123557E+00
+11.30000E-03,-8.97422117E+00,-10.88128150E+00
+11.35000E-03,-9.26361828E+00,-11.28329155E+00
+11.40000E-03,-9.37623122E+00,-11.28329155E+00
+11.45000E-03,-9.37623122E+00,-11.50847150E+00
+11.50000E-03,-9.77824128E+00,-11.68530160E+00
+11.55000E-03,-9.77824128E+00,-11.68530160E+00
+11.60000E-03,-10.18025133E+00,-11.87832705E+00
+11.65000E-03,-10.18025133E+00,-12.03900773E+00
+11.70000E-03,-10.58226138E+00,-12.08731166E+00
+11.75000E-03,-10.58226138E+00,-12.24818260E+00
+11.80000E-03,-10.98427144E+00,-12.48932171E+00
+11.85000E-03,-11.11284353E+00,-12.89133176E+00
+11.90000E-03,-11.65957511E+00,-13.02004820E+00
+11.95000E-03,-11.78829154E+00,-13.67934678E+00
+12.00000E-03,-12.19030160E+00,-13.69535187E+00
+12.05000E-03,-12.59231165E+00,-13.69535187E+00
+12.10000E-03,-12.94616211E+00,-14.09736192E+00
+12.15000E-03,-12.99432170E+00,-14.30649087E+00
+12.20000E-03,-13.33192433E+00,-14.49937198E+00
+12.25000E-03,-13.39633176E+00,-14.49937198E+00
+12.30000E-03,-13.62136737E+00,-14.49937198E+00
+12.35000E-03,-13.79834181E+00,-14.90138203E+00
+12.40000E-03,-13.79834181E+00,-14.90138203E+00
+12.45000E-03,-14.20035186E+00,-14.90138203E+00
+12.50000E-03,-14.20035186E+00,-14.90138203E+00
+12.55000E-03,-14.34497497E+00,-14.90138203E+00
+12.60000E-03,-14.60236192E+00,-15.30339208E+00
+12.65000E-03,-14.60236192E+00,-15.30339208E+00
+12.70000E-03,-14.77913953E+00,-15.30339208E+00
+12.75000E-03,-15.00437197E+00,-15.62489122E+00
+12.80000E-03,-14.94016137E+00,-15.64119154E+00
+12.85000E-03,-15.00437197E+00,-15.70540214E+00
+12.90000E-03,-15.40638202E+00,-16.05905578E+00
+12.95000E-03,-15.71202697E+00,-16.10741219E+00
+13.00000E-03,-15.80839208E+00,-16.10741219E+00
+13.05000E-03,-15.82459399E+00,-16.10741219E+00
+13.10000E-03,-15.93691169E+00,-16.10741219E+00
+13.15000E-03,-16.21040213E+00,-16.38065332E+00
+13.20000E-03,-16.61241218E+00,-16.50942224E+00
+13.25000E-03,-16.61241218E+00,-16.50942224E+00
+13.30000E-03,-16.91780782E+00,-16.60603666E+00
+13.35000E-03,-16.66051929E+00,-16.91143230E+00
+13.40000E-03,-16.82159361E+00,-16.70225087E+00
+13.45000E-03,-17.01442224E+00,-16.91143230E+00
+13.50000E-03,-17.01442224E+00,-16.91143230E+00
+13.55000E-03,-17.19144916E+00,-16.91143230E+00
+13.60000E-03,-17.41643229E+00,-16.91143230E+00
+13.65000E-03,-17.30401618E+00,-16.91143230E+00
+13.70000E-03,-17.41643229E+00,-16.91143230E+00
+13.75000E-03,-17.41643229E+00,-17.31329145E+00
+13.80000E-03,-17.41643229E+00,-16.91143230E+00
+13.85000E-03,-17.52915020E+00,-17.02415021E+00
+13.90000E-03,-17.78643874E+00,-16.91143230E+00
+13.95000E-03,-17.81844234E+00,-16.91143230E+00
+14.00000E-03,-17.81844234E+00,-16.91143230E+00
+14.05000E-03,-17.81844234E+00,-16.91143230E+00
+14.10000E-03,-17.81844234E+00,-16.91143230E+00
+14.15000E-03,-17.77003344E+00,-16.91143230E+00
+14.20000E-03,-17.81844234E+00,-16.91143230E+00
+14.25000E-03,-17.81844234E+00,-16.91143230E+00
+14.30000E-03,-17.81844234E+00,-16.52567664E+00
+14.35000E-03,-17.81844234E+00,-16.91143230E+00
+14.40000E-03,-17.81844234E+00,-16.78261089E+00
+14.45000E-03,-17.83434246E+00,-16.89553218E+00
+14.50000E-03,-17.81844234E+00,-16.50942224E+00
+14.55000E-03,-17.81844234E+00,-16.60608915E+00
+14.60000E-03,-18.22045240E+00,-16.50942224E+00
+14.65000E-03,-17.81844234E+00,-16.50942224E+00
+14.70000E-03,-17.88295474E+00,-16.50942224E+00
+14.75000E-03,-18.14024328E+00,-16.50942224E+00
+14.80000E-03,-18.04337299E+00,-16.50942224E+00
+14.85000E-03,-17.81844234E+00,-16.50942224E+00
+14.90000E-03,-17.81844234E+00,-16.21977582E+00
+14.95000E-03,-18.07552749E+00,-16.50942224E+00
+15.00000E-03,-18.22024901E+00,-16.50921886E+00
+15.05000E-03,-17.81844234E+00,-16.10741219E+00
+15.10000E-03,-18.22045240E+00,-16.10741219E+00
+15.15000E-03,-17.81844234E+00,-16.10741219E+00
+15.20000E-03,-18.22045240E+00,-16.10741219E+00
+15.25000E-03,-18.13983651E+00,-16.02679630E+00
+15.30000E-03,-18.15634677E+00,-16.10741219E+00
+15.35000E-03,-18.01162525E+00,-16.10741219E+00
+15.40000E-03,-18.22045240E+00,-15.75386352E+00
+15.45000E-03,-17.91470248E+00,-15.70540214E+00
+15.50000E-03,-17.81844234E+00,-15.86643054E+00
+15.55000E-03,-17.83474923E+00,-15.70540214E+00
+15.60000E-03,-17.81844234E+00,-15.70540214E+00
+15.65000E-03,-17.81844234E+00,-15.43226598E+00
+15.70000E-03,-17.81844234E+00,-15.31923971E+00
+15.75000E-03,-17.81844234E+00,-15.30339208E+00
+15.80000E-03,-17.81844234E+00,-15.30339208E+00
+15.85000E-03,-17.81844234E+00,-15.25538995E+00
+15.90000E-03,-17.41643229E+00,-15.11066843E+00
+15.95000E-03,-17.41643229E+00,-14.56393686E+00
+16.00000E-03,-17.01442224E+00,-14.57952861E+00
+16.05000E-03,-17.01442224E+00,-14.49937198E+00
+16.10000E-03,-17.01442224E+00,-14.09736192E+00
+16.15000E-03,-16.72472333E+00,-13.80766301E+00
+16.20000E-03,-16.61241218E+00,-13.43831921E+00
+16.25000E-03,-16.21065800E+00,-13.69535187E+00
+16.30000E-03,-15.80839208E+00,-13.29334182E+00
+16.35000E-03,-15.80839208E+00,-12.60214459E+00
+16.40000E-03,-15.40638202E+00,-12.48932171E+00
+16.45000E-03,-15.40638202E+00,-12.26393181E+00
+16.50000E-03,-15.00437197E+00,-11.76596998E+00
+16.55000E-03,-14.94031883E+00,-11.68530160E+00
+16.60000E-03,-14.60236192E+00,-11.49206621E+00
+16.65000E-03,-14.20035186E+00,-11.28329155E+00
+16.70000E-03,-14.20035186E+00,-10.67168673E+00
+16.75000E-03,-14.03927098E+00,-10.72020061E+00
+16.80000E-03,-13.39633176E+00,-10.47927144E+00
+16.85000E-03,-13.39633176E+00,-10.07726139E+00
+16.90000E-03,-13.26740538E+00,-10.07726139E+00
+16.95000E-03,-12.99432170E+00,-9.67525133E+00
+17.00000E-03,-12.99432170E+00,-9.27324128E+00
+17.05000E-03,-12.59231165E+00,-9.27324128E+00
+17.10000E-03,-12.23825124E+00,-8.87123123E+00
+17.15000E-03,-12.19030160E+00,-8.87123123E+00
+17.20000E-03,-11.78829154E+00,-8.46922117E+00
+17.25000E-03,-11.78829154E+00,-8.38911702E+00
+17.30000E-03,-11.16145582E+00,-7.66520107E+00
+17.35000E-03,-10.98427144E+00,-7.66520107E+00
+17.40000E-03,-10.98427144E+00,-7.37544967E+00
+17.45000E-03,-10.58226138E+00,-7.00621084E+00
+17.50000E-03,-10.18025133E+00,-6.86118096E+00
+17.55000E-03,-9.77824128E+00,-6.45917091E+00
+17.60000E-03,-9.66536591E+00,-6.05716085E+00
+17.65000E-03,-9.37623122E+00,-5.68699695E+00
+17.70000E-03,-8.97422117E+00,-5.65515080E+00
+17.75000E-03,-8.57221112E+00,-5.25314075E+00
+17.80000E-03,-8.57221112E+00,-4.91513135E+00
+17.85000E-03,-8.17020106E+00,-4.65784281E+00
+17.90000E-03,-8.12163470E+00,-4.44912064E+00
+17.95000E-03,-7.76819101E+00,-4.14326575E+00
+18.00000E-03,-7.36618096E+00,-4.04711059E+00
+18.05000E-03,-7.36618096E+00,-3.64510053E+00
+18.10000E-03,-6.96417090E+00,-3.64510053E+00
+18.15000E-03,-6.69113972E+00,-3.24309048E+00
+18.20000E-03,-6.56216085E+00,-3.24309048E+00
+18.25000E-03,-6.56216085E+00,-3.24309048E+00
+18.30000E-03,-6.56216085E+00,-2.84108043E+00
+18.35000E-03,-6.16015080E+00,-2.43907037E+00
+18.40000E-03,-5.56552207E+00,-2.03706032E+00
+18.45000E-03,-5.35613069E+00,-1.63505027E+00
+18.50000E-03,-4.55211058E+00,-1.23304021E+00
+18.55000E-03,-4.15010053E+00,-831.03016E-03
+18.60000E-03,-3.74809048E+00,-429.02011E-03
+18.65000E-03,-3.63588431E+00,-27.01005E-03
+18.70000E-03,-3.49116279E+00,-27.01005E-03
+18.75000E-03,-3.34608042E+00,+374.63916E-03
+18.80000E-03,-3.34608042E+00,+117.35062E-03
+18.85000E-03,-3.23315256E+00,-27.01005E-03
+18.90000E-03,-3.34608042E+00,-27.01005E-03
+18.95000E-03,-3.34608042E+00,+149.50513E-03
+19.00000E-03,-3.34608042E+00,-27.01005E-03
+19.05000E-03,-3.34608042E+00,+375.00000E-03
+19.10000E-03,-3.34608042E+00,-27.01005E-03
+19.15000E-03,-2.99268922E+00,-27.01005E-03
+19.20000E-03,-3.24997775E+00,-27.01005E-03
+19.25000E-03,-2.94407037E+00,+134.17581E-03
+19.30000E-03,-2.94407037E+00,+375.00000E-03
+19.35000E-03,-2.94407037E+00,+375.00000E-03
+19.40000E-03,-2.54206032E+00,+777.01005E-03
+19.45000E-03,-2.54206032E+00,+792.70022E-03
+19.50000E-03,-2.14005026E+00,+1.17902011E+00
+19.55000E-03,-1.73804021E+00,+1.58103016E+00
+19.60000E-03,-1.33603016E+00,+1.98304021E+00
+19.65000E-03,-1.33603016E+00,+2.19248408E+00
+19.70000E-03,-596.73239E-03,+2.72233798E+00
+19.75000E-03,-532.01005E-03,+2.46504944E+00
+19.80000E-03,-130.00000E-03,+2.96434968E+00
+19.85000E-03,-130.00000E-03,+3.59108043E+00
+19.90000E-03,+272.01006E-03,+3.59108043E+00
+19.95000E-03,+674.02011E-03,+3.73621528E+00
+20.00000E-03,+674.43344E-03,+3.99309048E+00
+20.05000E-03,+1.07603016E+00,+4.39510053E+00
+20.10000E-03,+1.18901051E+00,+4.39510053E+00
+20.15000E-03,+1.84830910E+00,+4.79711059E+00
+20.20000E-03,+1.88005027E+00,+4.79711059E+00
+20.25000E-03,+1.88005027E+00,+5.19912064E+00
+20.30000E-03,+2.28206033E+00,+5.26301632E+00
+20.35000E-03,+2.68407038E+00,+5.80974789E+00
+20.40000E-03,+2.68407038E+00,+5.64980203E+00
+20.45000E-03,+3.08608043E+00,+6.00314075E+00
+20.50000E-03,+3.48809049E+00,+6.40515080E+00
+20.55000E-03,+3.50460731E+00,+6.80716085E+00
+20.60000E-03,+3.89010054E+00,+6.80716085E+00
+20.65000E-03,+4.29211059E+00,+7.20917091E+00
+20.70000E-03,+4.69412065E+00,+7.59554328E+00
+20.75000E-03,+4.85447984E+00,+7.85283182E+00
+20.80000E-03,+5.19306003E+00,+8.01319101E+00
+20.85000E-03,+5.54593294E+00,+8.41520107E+00
+20.90000E-03,+5.90015081E+00,+8.41520107E+00
+20.95000E-03,+6.23738603E+00,+8.88198595E+00
+21.00000E-03,+6.38210755E+00,+9.13927448E+00
+21.05000E-03,+6.70417091E+00,+9.39656302E+00
+21.10000E-03,+7.10618097E+00,+9.62123123E+00
+21.15000E-03,+7.39608982E+00,+9.73333242E+00
+21.20000E-03,+7.76501374E+00,+10.02324128E+00
+21.25000E-03,+7.50865684E+00,+10.42525133E+00
+21.30000E-03,+7.91020107E+00,+10.42525133E+00
+21.35000E-03,+8.31221113E+00,+10.53828417E+00
+21.40000E-03,+8.31221113E+00,+10.45694002E+00
+21.45000E-03,+8.71422118E+00,+10.82726139E+00
+21.50000E-03,+9.11623123E+00,+11.22927144E+00
+21.55000E-03,+9.11623123E+00,+11.22927144E+00
+21.60000E-03,+9.11623123E+00,+11.22927144E+00
+21.65000E-03,+9.11623123E+00,+11.58255768E+00
+21.70000E-03,+9.51824129E+00,+11.63128150E+00
+21.75000E-03,+9.75896051E+00,+11.79257233E+00
+21.80000E-03,+9.93682065E+00,+12.03329155E+00
+21.85000E-03,+10.32226139E+00,+12.43530160E+00
+21.90000E-03,+10.72427145E+00,+12.43530160E+00
+21.95000E-03,+11.12628150E+00,+12.83731166E+00
+22.00000E-03,+11.28658821E+00,+13.07901500E+00
+22.05000E-03,+11.52829155E+00,+13.23932171E+00
+22.10000E-03,+11.93030161E+00,+13.64133176E+00
+22.15000E-03,+12.33231166E+00,+13.85088060E+00
+22.20000E-03,+12.73432171E+00,+14.04334182E+00
+22.25000E-03,+12.73432171E+00,+14.04334182E+00
+22.30000E-03,+12.73432171E+00,+14.44535187E+00
+22.35000E-03,+13.13633177E+00,+14.44535187E+00
+22.40000E-03,+13.13633177E+00,+14.44535187E+00
+22.45000E-03,+13.39310200E+00,+14.44535187E+00
+22.50000E-03,+13.53834182E+00,+14.84684362E+00
+22.55000E-03,+13.53834182E+00,+14.84736192E+00
+22.60000E-03,+13.65142714E+00,+14.84736192E+00
+22.65000E-03,+13.90871567E+00,+14.84736192E+00
+22.70000E-03,+13.94035187E+00,+14.84736192E+00
+22.75000E-03,+14.02128269E+00,+15.24937198E+00
+22.80000E-03,+14.34236193E+00,+15.24937198E+00
+22.85000E-03,+14.34236193E+00,+15.24937198E+00
+22.90000E-03,+14.74437198E+00,+15.65138203E+00
+22.95000E-03,+14.74437198E+00,+15.34531719E+00
+23.00000E-03,+15.14638203E+00,+15.65138203E+00
+23.05000E-03,+14.76099378E+00,+15.66800383E+00
+23.10000E-03,+15.14638203E+00,+15.92529236E+00
+23.15000E-03,+15.54839209E+00,+16.05339208E+00
+23.20000E-03,+15.54839209E+00,+16.06892479E+00
+23.25000E-03,+15.70864631E+00,+16.21364631E+00
+23.30000E-03,+15.95040214E+00,+16.45540214E+00
+23.35000E-03,+16.30472498E+00,+16.10107929E+00
+23.40000E-03,+15.95040214E+00,+16.24580081E+00
+23.45000E-03,+16.35241219E+00,+16.45540214E+00
+23.50000E-03,+16.35241219E+00,+16.45540214E+00
+23.55000E-03,+16.57697543E+00,+16.45540214E+00
+23.60000E-03,+16.35241219E+00,+16.48812743E+00
+23.65000E-03,+16.75442225E+00,+16.74541597E+00
+23.70000E-03,+16.75442225E+00,+16.85741219E+00
+23.75000E-03,+16.75442225E+00,+16.45540214E+00
+23.80000E-03,+16.75442225E+00,+16.59955287E+00
+23.85000E-03,+16.75442225E+00,+16.85741219E+00
+23.90000E-03,+16.75442225E+00,+16.82582847E+00
+23.95000E-03,+16.98012707E+00,+16.63170737E+00
+24.00000E-03,+16.75442225E+00,+16.53638543E+00
+24.05000E-03,+17.15643230E+00,+16.79367397E+00
+24.10000E-03,+17.15643230E+00,+16.45540214E+00
+24.15000E-03,+17.15643230E+00,+16.45540214E+00
+24.20000E-03,+17.15643230E+00,+16.45540214E+00
+24.25000E-03,+17.15643230E+00,+16.45540214E+00
+24.30000E-03,+17.15643230E+00,+16.45540214E+00
+24.35000E-03,+17.15643230E+00,+16.45540214E+00
+24.40000E-03,+17.15643230E+00,+16.18263338E+00
+24.45000E-03,+17.15643230E+00,+16.45540214E+00
+24.50000E-03,+17.15643230E+00,+16.21359382E+00
+24.55000E-03,+17.15643230E+00,+16.15047888E+00
+24.60000E-03,+17.15643230E+00,+16.45540214E+00
+24.65000E-03,+17.15643230E+00,+16.26304589E+00
+24.70000E-03,+17.15643230E+00,+16.05339208E+00
+24.75000E-03,+17.47865312E+00,+16.05339208E+00
+24.80000E-03,+17.15643230E+00,+16.05339208E+00
+24.85000E-03,+17.55844235E+00,+16.05339208E+00
+24.90000E-03,+17.55844235E+00,+16.05339208E+00
+24.95000E-03,+17.15643230E+00,+16.05339208E+00
+25.00000E-03,+17.55781908E+00,+16.05276881E+00
+25.05000E-03,+17.15643230E+00,+15.65138203E+00
+25.10000E-03,+17.15643230E+00,+15.65138203E+00
+25.15000E-03,+17.15643230E+00,+15.65138203E+00
+25.20000E-03,+17.15643230E+00,+15.87713933E+00
+25.25000E-03,+17.23746809E+00,+15.65138203E+00
+25.30000E-03,+17.15643230E+00,+15.65138203E+00
+25.35000E-03,+17.35003510E+00,+15.65138203E+00
+25.40000E-03,+17.15643230E+00,+15.65138203E+00
+25.45000E-03,+17.46260211E+00,+15.65138203E+00
+25.50000E-03,+17.15643230E+00,+15.48993374E+00
+25.55000E-03,+17.15643230E+00,+15.26609875E+00
+25.60000E-03,+17.15643230E+00,+15.24937198E+00
+25.65000E-03,+17.15643230E+00,+15.24937198E+00
+25.70000E-03,+17.17186003E+00,+15.23394424E+00
+25.75000E-03,+17.15643230E+00,+15.00751118E+00
+25.80000E-03,+16.75442225E+00,+14.84736192E+00
+25.85000E-03,+17.15643230E+00,+14.89494416E+00
+25.90000E-03,+17.15643230E+00,+14.84736192E+00
+25.95000E-03,+16.75442225E+00,+14.78237715E+00
+26.00000E-03,+16.75442225E+00,+14.44535187E+00
+26.05000E-03,+16.57687046E+00,+14.04334182E+00
+26.10000E-03,+16.35241219E+00,+14.01051155E+00
+26.15000E-03,+16.06229339E+00,+13.64133176E+00
+26.20000E-03,+15.95040214E+00,+13.23932171E+00
+26.25000E-03,+15.54839209E+00,+12.83798742E+00
+26.30000E-03,+15.54839209E+00,+12.98135741E+00
+26.35000E-03,+15.14638203E+00,+12.72406888E+00
+26.40000E-03,+15.14638203E+00,+12.40382286E+00
+26.45000E-03,+14.74437198E+00,+12.03329155E+00
+26.50000E-03,+14.66328371E+00,+11.71236977E+00
+26.55000E-03,+14.27872868E+00,+11.63128150E+00
+26.60000E-03,+13.94035187E+00,+11.22927144E+00
+26.65000E-03,+13.89141811E+00,+11.18033768E+00
+26.70000E-03,+13.53834182E+00,+10.82726139E+00
+26.75000E-03,+13.13633177E+00,+10.82726139E+00
+26.80000E-03,+13.13633177E+00,+10.02324128E+00
+26.85000E-03,+12.86226397E+00,+10.02324128E+00
+26.90000E-03,+12.73432171E+00,+9.89389501E+00
+26.95000E-03,+12.33231166E+00,+9.62123123E+00
+27.00000E-03,+12.33231166E+00,+9.21922117E+00
+27.05000E-03,+11.93030161E+00,+9.12202941E+00
+27.10000E-03,+11.88277185E+00,+8.81721112E+00
+27.15000E-03,+11.52829155E+00,+8.41520107E+00
+27.20000E-03,+11.12628150E+00,+8.07822828E+00
+27.25000E-03,+11.04659724E+00,+8.01319101E+00
+27.30000E-03,+10.72427145E+00,+7.78878524E+00
+27.35000E-03,+10.32226139E+00,+7.61118096E+00
+27.40000E-03,+10.03209010E+00,+7.20917091E+00
+27.45000E-03,+9.92025134E+00,+6.80716085E+00
+27.50000E-03,+9.51896954E+00,+6.80643260E+00
+27.55000E-03,+9.26022450E+00,+6.40515080E+00
+27.60000E-03,+9.11623123E+00,+5.88984548E+00
+27.65000E-03,+8.71422118E+00,+5.60113069E+00
+27.70000E-03,+8.31221113E+00,+5.42498292E+00
+27.75000E-03,+8.31221113E+00,+5.19912064E+00
+27.80000E-03,+7.91020107E+00,+4.79711059E+00
+27.85000E-03,+7.71649330E+00,+4.39510053E+00
+27.90000E-03,+7.15516722E+00,+4.39510053E+00
+27.95000E-03,+7.10618097E+00,+3.89735521E+00
+28.00000E-03,+6.70417091E+00,+3.59108043E+00
+28.05000E-03,+6.70417091E+00,+3.57424868E+00
+28.10000E-03,+6.30216086E+00,+3.18907037E+00
+28.15000E-03,+6.02954957E+00,+3.18907037E+00
+28.20000E-03,+6.28683810E+00,+2.80238308E+00
+28.25000E-03,+5.90015081E+00,+2.78706032E+00
+28.30000E-03,+5.49814075E+00,+2.78706032E+00
+28.35000E-03,+5.49814075E+00,+2.38505027E+00
+28.40000E-03,+5.09613070E+00,+1.77322895E+00
+28.45000E-03,+4.62903090E+00,+1.58103016E+00
+28.50000E-03,+4.21247882E+00,+1.17902011E+00
+28.55000E-03,+3.48809049E+00,+599.35329E-03
+28.60000E-03,+3.48809049E+00,+375.00000E-03
+28.65000E-03,+3.08608043E+00,-27.01005E-03
+28.70000E-03,+2.82957263E+00,-429.02011E-03
+28.75000E-03,+2.68407038E+00,-429.02011E-03
+28.80000E-03,+2.54012959E+00,-429.02011E-03
+28.85000E-03,+2.68407038E+00,-429.02011E-03
+28.90000E-03,+2.68407038E+00,-429.02011E-03
+28.95000E-03,+2.68407038E+00,-429.02011E-03
+29.00000E-03,+2.68407038E+00,-429.02011E-03
+29.05000E-03,+2.68407038E+00,-429.02011E-03
+29.10000E-03,+2.49031012E+00,-429.02011E-03
+29.15000E-03,+2.63503164E+00,-429.02011E-03
+29.20000E-03,+2.37774311E+00,-524.70289E-03
+29.25000E-03,+2.28206033E+00,-669.42441E-03
+29.30000E-03,+2.28206033E+00,-831.03016E-03
+29.35000E-03,+2.00788756E+00,-831.03016E-03
+29.40000E-03,+1.88005027E+00,-960.48141E-03
+29.45000E-03,+1.47804022E+00,-1.61977999E+00
+29.50000E-03,+1.23602196E+00,-1.63505027E+00
+29.55000E-03,+674.02011E-03,-2.03706032E+00
+29.60000E-03,+319.43484E-03,-2.39164559E+00
+29.65000E-03,+272.01006E-03,-2.43907037E+00
+29.70000E-03,+206.86782E-03,-2.84108043E+00
+29.75000E-03,-130.00000E-03,-3.24309048E+00
+29.80000E-03,-532.01005E-03,-3.42079973E+00
+29.85000E-03,-934.02010E-03,-3.64510053E+00
+29.90000E-03,-1.04575389E+00,-4.04711059E+00
+29.95000E-03,-1.33603016E+00,-4.04711059E+00
+30.00000E-03,-1.73720699E+00,-4.44912064E+00
+30.05000E-03,-1.73804021E+00,-4.70724240E+00
+30.10000E-03,-2.14005026E+00,-4.85113069E+00
+30.15000E-03,-2.51073903E+00,-5.25314075E+00
+30.20000E-03,-2.54206032E+00,-5.25314075E+00
+30.25000E-03,-2.86282464E+00,-5.65515080E+00
+30.30000E-03,-3.34608042E+00,-5.65515080E+00
+30.35000E-03,-3.34608042E+00,-6.05716085E+00
+30.40000E-03,-3.74809048E+00,-6.41007968E+00
+30.45000E-03,-4.05447023E+00,-6.45917091E+00
+30.50000E-03,-4.15010053E+00,-6.86118096E+00
+30.55000E-03,-4.55211058E+00,-7.26319101E+00
+30.60000E-03,-4.82633583E+00,-7.26319101E+00
+30.65000E-03,-5.08362437E+00,-7.66520107E+00
+30.70000E-03,-5.37134848E+00,-7.68041886E+00
+30.75000E-03,-5.75814074E+00,-8.06721112E+00
+30.80000E-03,-6.16015080E+00,-8.46922117E+00
+30.85000E-03,-6.20752309E+00,-8.46922117E+00
+30.90000E-03,-6.56216085E+00,-9.27324128E+00
+30.95000E-03,-6.96417090E+00,-9.27324128E+00
+31.00000E-03,-7.28665416E+00,-9.27324128E+00
+31.05000E-03,-7.54394269E+00,-9.67525133E+00
+31.10000E-03,-7.76819101E+00,-9.70829155E+00
+31.15000E-03,-8.05851976E+00,-10.18894269E+00
+31.20000E-03,-8.31580829E+00,-10.47927144E+00
+31.25000E-03,-8.57221112E+00,-10.47927144E+00
+31.30000E-03,-8.57221112E+00,-10.47927144E+00
+31.35000E-03,-8.97422117E+00,-11.16983883E+00
+31.40000E-03,-9.00548997E+00,-11.28329155E+00
+31.45000E-03,-9.37623122E+00,-11.28329155E+00
+31.50000E-03,-9.77824128E+00,-11.60400339E+00
+31.55000E-03,-9.77824128E+00,-11.68530160E+00
+31.60000E-03,-9.98638610E+00,-11.68530160E+00
+31.65000E-03,-9.82738499E+00,-11.68530160E+00
+31.70000E-03,-10.18025133E+00,-11.68530160E+00
+31.75000E-03,-10.58226138E+00,-12.08731166E+00
+31.80000E-03,-10.98427144E+00,-12.48932171E+00
+31.85000E-03,-11.11200375E+00,-12.89133176E+00
+31.90000E-03,-11.38628149E+00,-12.89133176E+00
+31.95000E-03,-11.78829154E+00,-13.29334182E+00
+32.00000E-03,-12.19030160E+00,-13.45322864E+00
+32.05000E-03,-12.28770331E+00,-13.69535187E+00
+32.10000E-03,-12.59231165E+00,-14.05004212E+00
+32.15000E-03,-13.20429043E+00,-14.09736192E+00
+32.20000E-03,-12.99432170E+00,-14.16260913E+00
+32.25000E-03,-13.39633176E+00,-14.49937198E+00
+32.30000E-03,-13.57414598E+00,-14.67718620E+00
+32.35000E-03,-13.79834181E+00,-14.90138203E+00
+32.40000E-03,-13.90997063E+00,-14.90138203E+00
+32.45000E-03,-14.05469215E+00,-14.90138203E+00
+32.50000E-03,-14.20035186E+00,-14.90138203E+00
+32.55000E-03,-14.20035186E+00,-15.30339208E+00
+32.60000E-03,-14.60236192E+00,-15.30339208E+00
+32.65000E-03,-14.60236192E+00,-15.30339208E+00
+32.70000E-03,-14.60236192E+00,-15.30339208E+00
+32.75000E-03,-14.68371262E+00,-15.38474279E+00
+32.80000E-03,-15.00437197E+00,-15.64203132E+00
+32.85000E-03,-15.19828969E+00,-15.70540214E+00
+32.90000E-03,-15.40638202E+00,-15.70540214E+00
+32.95000E-03,-15.40638202E+00,-15.70540214E+00
+33.00000E-03,-15.56814524E+00,-16.10741219E+00
+33.05000E-03,-15.82543377E+00,-16.10741219E+00
+33.10000E-03,-16.21040213E+00,-16.10741219E+00
+33.15000E-03,-16.21040213E+00,-16.37981354E+00
+33.20000E-03,-16.22551495E+00,-16.50942224E+00
+33.25000E-03,-16.37023647E+00,-16.50942224E+00
+33.30000E-03,-16.61241218E+00,-16.81397810E+00
+33.35000E-03,-16.61241218E+00,-16.86416498E+00
+33.40000E-03,-17.01442224E+00,-16.91143230E+00
+33.45000E-03,-17.01442224E+00,-16.91143230E+00
+33.50000E-03,-17.33701046E+00,-16.91143230E+00
+33.55000E-03,-17.23856558E+00,-16.91143230E+00
+33.60000E-03,-17.41643229E+00,-16.91143230E+00
+33.65000E-03,-17.41643229E+00,-16.91143230E+00
+33.70000E-03,-17.56214449E+00,-17.31344235E+00
+33.75000E-03,-17.41643229E+00,-17.31245167E+00
+33.80000E-03,-17.41643229E+00,-16.91143230E+00
+33.85000E-03,-17.81844234E+00,-16.91143230E+00
+33.90000E-03,-17.44759612E+00,-16.91143230E+00
+33.95000E-03,-17.64255700E+00,-17.13755701E+00
+34.00000E-03,-17.81844234E+00,-16.91143230E+00
+34.05000E-03,-17.81844234E+00,-16.91143230E+00
+34.10000E-03,-17.81844234E+00,-16.91143230E+00
+34.15000E-03,-17.81844234E+00,-16.91143230E+00
+34.20000E-03,-17.81844234E+00,-16.91143230E+00
+34.25000E-03,-17.81844234E+00,-16.91143230E+00
+34.30000E-03,-17.81844234E+00,-16.52651642E+00
+34.35000E-03,-17.81844234E+00,-16.91143230E+00
+34.40000E-03,-18.09079121E+00,-16.63908343E+00
+34.45000E-03,-18.20539207E+00,-16.50942224E+00
+34.50000E-03,-17.81844234E+00,-16.50942224E+00
+34.55000E-03,-18.22045240E+00,-16.81392561E+00
+34.60000E-03,-17.86565718E+00,-16.50942224E+00
+34.65000E-03,-18.02851604E+00,-16.50942224E+00
+34.70000E-03,-17.81844234E+00,-16.50942224E+00
+34.75000E-03,-17.89781168E+00,-16.50942224E+00
+34.80000E-03,-17.99636154E+00,-16.28533138E+00
+34.85000E-03,-18.18725472E+00,-16.50942224E+00
+34.90000E-03,-18.10892855E+00,-16.50942224E+00
+34.95000E-03,-17.96420703E+00,-16.25317688E+00
+35.00000E-03,-17.81844234E+00,-16.50942224E+00
+35.05000E-03,-18.22045240E+00,-16.25109054E+00
+35.10000E-03,-18.22045240E+00,-16.10741219E+00
+35.15000E-03,-18.18934106E+00,-16.10741219E+00
+35.20000E-03,-18.04461954E+00,-16.10741219E+00
+35.25000E-03,-18.22045240E+00,-16.10741219E+00
+35.30000E-03,-18.15718655E+00,-15.76866798E+00
+35.35000E-03,-18.22045240E+00,-15.70540214E+00
+35.40000E-03,-18.22045240E+00,-15.75470331E+00
+35.45000E-03,-18.12503205E+00,-16.01199184E+00
+35.50000E-03,-18.05858421E+00,-15.70540214E+00
+35.55000E-03,-18.20330573E+00,-15.70540214E+00
+35.60000E-03,-18.09287754E+00,-15.70540214E+00
+35.65000E-03,-17.81844234E+00,-15.70540214E+00
+35.70000E-03,-17.81844234E+00,-15.69039429E+00
+35.75000E-03,-17.81844234E+00,-15.70540214E+00
+35.80000E-03,-17.81844234E+00,-15.30339208E+00
+35.85000E-03,-17.81844234E+00,-15.30339208E+00
+35.90000E-03,-17.81844234E+00,-15.30339208E+00
+35.95000E-03,-17.41643229E+00,-15.23798742E+00
+36.00000E-03,-17.49574914E+00,-14.90138203E+00
+36.05000E-03,-17.41643229E+00,-14.49937198E+00
+36.10000E-03,-17.38318213E+00,-14.49937198E+00
+36.15000E-03,-17.01442224E+00,-14.09736192E+00
+36.20000E-03,-16.61241218E+00,-13.95154475E+00
+36.25000E-03,-16.61241218E+00,-13.69425621E+00
+36.30000E-03,-16.21040213E+00,-13.29334182E+00
+36.35000E-03,-15.92205475E+00,-13.17967915E+00
+36.40000E-03,-15.80839208E+00,-12.89133176E+00
+36.45000E-03,-15.40638202E+00,-12.31354134E+00
+36.50000E-03,-15.00437197E+00,-12.08731166E+00
+36.55000E-03,-15.00437197E+00,-12.02409830E+00
+36.60000E-03,-14.60236192E+00,-11.68530160E+00
+36.65000E-03,-14.55300826E+00,-11.28329155E+00
+36.70000E-03,-14.20035186E+00,-10.88128150E+00
+36.75000E-03,-14.03843119E+00,-10.88128150E+00
+36.80000E-03,-13.79834181E+00,-10.47927144E+00
+36.85000E-03,-13.39633176E+00,-10.47927144E+00
+36.90000E-03,-13.39633176E+00,-10.07726139E+00
+36.95000E-03,-12.99432170E+00,-9.67525133E+00
+37.00000E-03,-12.99432170E+00,-9.67525133E+00
+37.05000E-03,-12.59231165E+00,-9.27324128E+00
+37.10000E-03,-12.59231165E+00,-8.87123123E+00
+37.15000E-03,-12.19030160E+00,-9.08140990E+00
+37.20000E-03,-11.85374870E+00,-8.53467833E+00
+37.25000E-03,-11.46554586E+00,-8.14647549E+00
+37.30000E-03,-11.38628149E+00,-8.06721112E+00
+37.35000E-03,-10.98427144E+00,-7.66520107E+00
+37.40000E-03,-10.98427144E+00,-7.66520107E+00
+37.45000E-03,-10.58226138E+00,-7.26319101E+00
+37.50000E-03,-10.58111324E+00,-6.86118096E+00
+37.55000E-03,-10.18025133E+00,-6.71760758E+00
+37.60000E-03,-9.48994638E+00,-6.05716085E+00
+37.65000E-03,-9.37623122E+00,-6.05716085E+00
+37.70000E-03,-9.20050334E+00,-5.65515080E+00
+37.75000E-03,-8.89266052E+00,-5.25314075E+00
+37.80000E-03,-8.57221112E+00,-5.18997988E+00
+37.85000E-03,-8.17020106E+00,-4.85113069E+00
+37.90000E-03,-8.17020106E+00,-4.44912064E+00
+37.95000E-03,-7.76819101E+00,-4.04711059E+00
+38.00000E-03,-7.60621785E+00,-4.04711059E+00
+38.05000E-03,-7.34892932E+00,-4.02985895E+00
+38.10000E-03,-6.96417090E+00,-3.64510053E+00
+38.15000E-03,-6.83435225E+00,-3.24309048E+00
+38.20000E-03,-6.94926803E+00,-3.24309048E+00
+38.25000E-03,-6.56216085E+00,-2.84108043E+00
+38.30000E-03,-6.46449670E+00,-2.84108043E+00
+38.35000E-03,-6.11309342E+00,-2.79402305E+00
+38.40000E-03,-5.54790958E+00,-2.03706032E+00
+38.45000E-03,-4.95412064E+00,-1.63505027E+00
+38.50000E-03,-4.55211058E+00,-1.23304021E+00
+38.55000E-03,-4.15010053E+00,-831.03016E-03
+38.60000E-03,-3.78144561E+00,-429.02011E-03
+38.65000E-03,-3.63672409E+00,-317.65372E-03
+38.70000E-03,-3.60216833E+00,-27.01005E-03
+38.75000E-03,-3.34608042E+00,-27.01005E-03
+38.80000E-03,-3.34608042E+00,+116.51084E-03
+38.85000E-03,-3.34608042E+00,+86.75759E-03
+38.90000E-03,-3.34608042E+00,+344.04612E-03
+38.95000E-03,-3.34608042E+00,-27.01005E-03
+39.00000E-03,-3.34608042E+00,-27.01005E-03
+39.05000E-03,-2.94407037E+00,-27.01005E-03
+39.10000E-03,-3.34608042E+00,-27.01005E-03
+39.15000E-03,-3.34608042E+00,+375.00000E-03
+39.20000E-03,-3.25081753E+00,+375.00000E-03
+39.25000E-03,-2.94407037E+00,+375.00000E-03
+39.30000E-03,-2.94407037E+00,+375.00000E-03
+39.35000E-03,-2.66947771E+00,+777.01005E-03
+39.40000E-03,-2.81419923E+00,+777.01005E-03
+39.45000E-03,-2.15490064E+00,+1.17902011E+00
+39.50000E-03,-2.14005026E+00,+1.17902011E+00
+39.55000E-03,-2.04233363E+00,+1.58103016E+00
+39.60000E-03,-1.33603016E+00,+1.98304021E+00
+39.65000E-03,-1.12574651E+00,+1.98304021E+00
+39.70000E-03,-934.02010E-03,+2.38505027E+00
+39.75000E-03,-532.01005E-03,+2.78706032E+00
+39.80000E-03,-130.00000E-03,+3.18907037E+00
+39.85000E-03,+238.60244E-03,+3.18907037E+00
+39.90000E-03,+383.32396E-03,+3.59108043E+00
+39.95000E-03,+674.02011E-03,+3.99309048E+00
+40.00000E-03,+674.02011E-03,+3.99309048E+00
+40.05000E-03,+1.07603016E+00,+4.39510053E+00
+40.10000E-03,+1.18985029E+00,+4.68329046E+00
+40.15000E-03,+1.84914888E+00,+4.79711059E+00
+40.20000E-03,+1.88005027E+00,+4.79711059E+00
+40.25000E-03,+2.20039470E+00,+5.19912064E+00
+40.30000E-03,+2.28206033E+00,+5.19912064E+00
+40.35000E-03,+2.68407038E+00,+5.60113069E+00
+40.40000E-03,+2.73358149E+00,+6.00314075E+00
+40.45000E-03,+3.08608043E+00,+6.00314075E+00
+40.50000E-03,+3.48809049E+00,+6.40515080E+00
+40.55000E-03,+3.50544710E+00,+6.80716085E+00
+40.60000E-03,+3.89010054E+00,+6.80716085E+00
+40.65000E-03,+4.29211059E+00,+7.20917091E+00
+40.70000E-03,+4.69412065E+00,+7.22396880E+00
+40.75000E-03,+5.09613070E+00,+8.01319101E+00
+40.80000E-03,+5.49814075E+00,+8.01319101E+00
+40.85000E-03,+5.85319840E+00,+8.41520107E+00
+40.90000E-03,+5.90015081E+00,+8.41520107E+00
+40.95000E-03,+6.23654625E+00,+8.81721112E+00
+41.00000E-03,+6.38126777E+00,+9.21922117E+00
+41.05000E-03,+6.70417091E+00,+9.21922117E+00
+41.10000E-03,+7.10618097E+00,+9.62123123E+00
+41.15000E-03,+7.10618097E+00,+9.62123123E+00
+41.20000E-03,+7.76417395E+00,+10.02324128E+00
+41.25000E-03,+7.91020107E+00,+10.42394573E+00
+41.30000E-03,+7.91020107E+00,+10.42525133E+00
+41.35000E-03,+8.31221113E+00,+10.42525133E+00
+41.40000E-03,+8.34306003E+00,+10.82726139E+00
+41.45000E-03,+8.71422118E+00,+10.82726139E+00
+41.50000E-03,+9.11623123E+00,+11.22927144E+00
+41.55000E-03,+9.05322782E+00,+11.22927144E+00
+41.60000E-03,+9.11623123E+00,+11.22927144E+00
+41.65000E-03,+9.16579484E+00,+11.22927144E+00
+41.70000E-03,+9.51824129E+00,+11.63128150E+00
+41.75000E-03,+9.75812072E+00,+11.63128150E+00
+41.80000E-03,+10.32226139E+00,+12.03329155E+00
+41.85000E-03,+10.32226139E+00,+12.16060397E+00
+41.90000E-03,+10.72427145E+00,+12.43530160E+00
+41.95000E-03,+11.12628150E+00,+12.83731166E+00
+42.00000E-03,+11.36882462E+00,+12.83731166E+00
+42.05000E-03,+11.52829155E+00,+13.23932171E+00
+42.10000E-03,+11.93030161E+00,+13.64133176E+00
+42.15000E-03,+12.14069023E+00,+13.85172038E+00
+42.20000E-03,+12.33231166E+00,+13.97767472E+00
+42.25000E-03,+12.41136608E+00,+14.04334182E+00
+42.30000E-03,+12.73432171E+00,+14.22157593E+00
+42.35000E-03,+13.10281917E+00,+14.41183928E+00
+42.40000E-03,+13.13633177E+00,+14.04334182E+00
+42.45000E-03,+13.13633177E+00,+14.44535187E+00
+42.50000E-03,+13.13633177E+00,+14.44670996E+00
+42.55000E-03,+13.53834182E+00,+14.44535187E+00
+42.60000E-03,+13.53834182E+00,+14.84736192E+00
+42.65000E-03,+13.56913824E+00,+14.84736192E+00
+42.70000E-03,+13.94035187E+00,+14.84736192E+00
+42.75000E-03,+13.94035187E+00,+15.16760138E+00
+42.80000E-03,+14.34236193E+00,+14.91031285E+00
+42.85000E-03,+14.34236193E+00,+15.04169953E+00
+42.90000E-03,+14.34236193E+00,+15.24937198E+00
+42.95000E-03,+14.74437198E+00,+15.55627660E+00
+43.00000E-03,+14.74437198E+00,+15.65138203E+00
+43.05000E-03,+15.14638203E+00,+15.65138203E+00
+43.10000E-03,+15.14638203E+00,+15.77864197E+00
+43.15000E-03,+15.14638203E+00,+15.92336349E+00
+43.20000E-03,+15.54839209E+00,+16.05339208E+00
+43.25000E-03,+15.54839209E+00,+16.21280653E+00
+43.30000E-03,+15.64626618E+00,+16.05339208E+00
+43.35000E-03,+15.95040214E+00,+16.10023951E+00
+43.40000E-03,+15.95040214E+00,+16.24496103E+00
+43.45000E-03,+16.01612173E+00,+16.45540214E+00
+43.50000E-03,+16.35241219E+00,+16.45540214E+00
+43.55000E-03,+16.35241219E+00,+16.27711554E+00
+43.60000E-03,+16.35241219E+00,+16.45540214E+00
+43.65000E-03,+16.35241219E+00,+16.45540214E+00
+43.70000E-03,+16.75442225E+00,+16.45540214E+00
+43.75000E-03,+16.75442225E+00,+16.45540214E+00
+43.80000E-03,+16.75442225E+00,+16.45540214E+00
+43.85000E-03,+16.75442225E+00,+16.45540214E+00
+43.90000E-03,+16.75442225E+00,+16.45540214E+00
+43.95000E-03,+16.98096685E+00,+16.63086759E+00
+44.00000E-03,+16.75442225E+00,+16.53722522E+00
+44.05000E-03,+16.75442225E+00,+16.45540214E+00
+44.10000E-03,+16.96204221E+00,+16.45540214E+00
+44.15000E-03,+17.15643230E+00,+16.45540214E+00
+44.20000E-03,+16.84947519E+00,+16.45540214E+00
+44.25000E-03,+16.91665784E+00,+16.45540214E+00
+44.30000E-03,+16.77193632E+00,+16.45540214E+00
+44.35000E-03,+17.15643230E+00,+16.45540214E+00
+44.40000E-03,+17.28651338E+00,+16.45540214E+00
+44.45000E-03,+17.15643230E+00,+16.45540214E+00
+44.50000E-03,+16.91378420E+00,+16.29604018E+00
+44.55000E-03,+17.15643230E+00,+16.05339208E+00
+44.60000E-03,+17.15643230E+00,+16.05339208E+00
+44.65000E-03,+17.15643230E+00,+16.24490854E+00
+44.70000E-03,+17.15643230E+00,+16.11916415E+00
+44.75000E-03,+17.07748285E+00,+16.05339208E+00
+44.80000E-03,+17.15643230E+00,+16.05339208E+00
+44.85000E-03,+17.12281474E+00,+15.68499959E+00
+44.90000E-03,+17.15643230E+00,+16.05339208E+00
+44.95000E-03,+17.15643230E+00,+15.90720750E+00
+45.00000E-03,+17.15789536E+00,+16.05192902E+00
+45.05000E-03,+17.15643230E+00,+15.65138203E+00
+45.10000E-03,+17.15643230E+00,+15.93936201E+00
+45.15000E-03,+17.15643230E+00,+15.65138203E+00
+45.20000E-03,+17.15643230E+00,+15.65138203E+00
+45.25000E-03,+17.15643230E+00,+15.65138203E+00
+45.30000E-03,+17.49559640E+00,+15.31221793E+00
+45.35000E-03,+17.55844235E+00,+15.45693945E+00
+45.40000E-03,+17.15643230E+00,+15.24937198E+00
+45.45000E-03,+17.15643230E+00,+15.55638157E+00
+45.50000E-03,+17.15643230E+00,+15.24937198E+00
+45.55000E-03,+17.15643230E+00,+15.26693853E+00
+45.60000E-03,+17.15643230E+00,+15.24937198E+00
+45.65000E-03,+17.15643230E+00,+15.24937198E+00
+45.70000E-03,+16.76901020E+00,+15.24937198E+00
+45.75000E-03,+17.15643230E+00,+15.09006251E+00
+45.80000E-03,+17.05845324E+00,+14.84736192E+00
+45.85000E-03,+17.10968984E+00,+14.84736192E+00
+45.90000E-03,+16.75442225E+00,+14.44535187E+00
+45.95000E-03,+16.75442225E+00,+14.44535187E+00
+46.00000E-03,+16.67552529E+00,+14.12223878E+00
+46.05000E-03,+16.35241219E+00,+14.04334182E+00
+46.10000E-03,+15.98407219E+00,+13.64133176E+00
+46.15000E-03,+15.95040214E+00,+13.35037318E+00
+46.20000E-03,+15.54839209E+00,+13.23932171E+00
+46.25000E-03,+15.54839209E+00,+13.23932171E+00
+46.30000E-03,+15.14638203E+00,+12.83731166E+00
+46.35000E-03,+15.14638203E+00,+12.43530160E+00
+46.40000E-03,+14.74437198E+00,+12.40466264E+00
+46.45000E-03,+14.51772241E+00,+12.03329155E+00
+46.50000E-03,+14.34236193E+00,+11.63128150E+00
+46.55000E-03,+14.27956846E+00,+11.22927144E+00
+46.60000E-03,+13.94035187E+00,+11.22927144E+00
+46.65000E-03,+13.53834182E+00,+11.17949789E+00
+46.70000E-03,+13.53834182E+00,+10.82726139E+00
+46.75000E-03,+13.13633177E+00,+10.42525133E+00
+46.80000E-03,+12.75194076E+00,+10.42525133E+00
+46.85000E-03,+12.73432171E+00,+10.02324128E+00
+46.90000E-03,+12.60413566E+00,+9.62123123E+00
+46.95000E-03,+12.33231166E+00,+9.62123123E+00
+47.00000E-03,+12.08955859E+00,+9.21922117E+00
+47.05000E-03,+11.93030161E+00,+8.91524267E+00
+47.10000E-03,+11.93030161E+00,+8.81721112E+00
+47.15000E-03,+11.52829155E+00,+8.62579963E+00
+47.20000E-03,+11.12628150E+00,+8.41520107E+00
+47.25000E-03,+11.12628150E+00,+8.01319101E+00
+47.30000E-03,+10.72427145E+00,+7.61118096E+00
+47.35000E-03,+10.32226139E+00,+7.57745842E+00
+47.40000E-03,+10.32226139E+00,+7.20917091E+00
+47.45000E-03,+10.17597184E+00,+6.80716085E+00
+47.50000E-03,+9.91868331E+00,+6.40515080E+00
+47.55000E-03,+9.25938472E+00,+6.40515080E+00
+47.60000E-03,+9.11623123E+00,+6.00314075E+00
+47.65000E-03,+8.71422118E+00,+5.60113069E+00
+47.70000E-03,+8.48751912E+00,+5.37442863E+00
+47.75000E-03,+8.31221113E+00,+5.19912064E+00
+47.80000E-03,+7.91020107E+00,+4.79711059E+00
+47.85000E-03,+7.50819102E+00,+4.39510053E+00
+47.90000E-03,+7.50819102E+00,+4.34527450E+00
+47.95000E-03,+7.10618097E+00,+3.99309048E+00
+48.00000E-03,+6.70417091E+00,+3.75347348E+00
+48.05000E-03,+6.70417091E+00,+3.59108043E+00
+48.10000E-03,+6.30216086E+00,+3.18907037E+00
+48.15000E-03,+6.17192232E+00,+3.18907037E+00
+48.20000E-03,+6.28767788E+00,+2.78706032E+00
+48.25000E-03,+5.90015081E+00,+2.78706032E+00
+48.30000E-03,+5.80206677E+00,+2.78706032E+00
+48.35000E-03,+5.14276818E+00,+2.38505027E+00
+48.40000E-03,+5.09613070E+00,+1.98304021E+00
+48.45000E-03,+4.69412065E+00,+1.58103016E+00
+48.50000E-03,+4.29211059E+00,+1.17902011E+00
+48.55000E-03,+3.89010054E+00,+777.01005E-03
+48.60000E-03,+3.48809049E+00,+408.77503E-03
+48.65000E-03,+3.08608043E+00,-27.01005E-03
+48.70000E-03,+2.68407038E+00,-282.67807E-03
+48.75000E-03,+2.68407038E+00,-429.02011E-03
+48.80000E-03,+2.28206033E+00,-429.02011E-03
+48.85000E-03,+2.68407038E+00,-429.02011E-03
+48.90000E-03,+2.65353639E+00,-800.49617E-03
+48.95000E-03,+2.68407038E+00,-604.27561E-03
+49.00000E-03,+2.60203735E+00,-429.02011E-03
+49.05000E-03,+2.68407038E+00,-429.02011E-03
+49.10000E-03,+2.68407038E+00,-429.02011E-03
+49.15000E-03,+2.28206033E+00,-429.02011E-03
+49.20000E-03,+2.58922738E+00,-429.02011E-03
+49.25000E-03,+2.28206033E+00,-591.46564E-03
+49.30000E-03,+2.28206033E+00,-831.03016E-03
+49.35000E-03,+2.28206033E+00,-831.03016E-03
+49.40000E-03,+1.88005027E+00,-1.10274918E+00
+49.45000E-03,+1.88005027E+00,-1.23304021E+00
+49.50000E-03,+1.47804022E+00,-1.23304021E+00
+49.55000E-03,+1.47804022E+00,-1.63505027E+00
+49.60000E-03,+1.02944517E+00,-2.03706032E+00
+49.65000E-03,+674.02011E-03,-2.22836684E+00
+49.70000E-03,+272.01006E-03,-2.43907037E+00
+49.75000E-03,-130.00000E-03,-2.84108043E+00
+49.80000E-03,-308.54903E-03,-3.24309048E+00
+49.85000E-03,-532.01005E-03,-3.64510053E+00
+49.90000E-03,-934.02010E-03,-3.93621658E+00
+49.95000E-03,-1.33603016E+00,-4.04711059E+00
+50.00000E-03,-1.33770316E+00,-4.44912064E+00
+50.05000E-03,-1.99700175E+00,-4.44912064E+00
+50.10000E-03,-2.14005026E+00,-4.85113069E+00
+50.15000E-03,-2.14005026E+00,-5.25314075E+00
+50.20000E-03,-2.54206032E+00,-5.25314075E+00
+50.25000E-03,-2.94407037E+00,-5.57306529E+00
+50.30000E-03,-2.94407037E+00,-5.65515080E+00
+50.35000E-03,-3.34608042E+00,-6.05716085E+00
+50.40000E-03,-3.39601143E+00,-6.05716085E+00
+50.45000E-03,-3.74809048E+00,-6.45917091E+00
+50.50000E-03,-4.15010053E+00,-6.86118096E+00
+50.55000E-03,-4.15010053E+00,-6.86118096E+00
+50.60000E-03,-4.55211058E+00,-7.26319101E+00
+50.65000E-03,-4.95412064E+00,-7.26319101E+00
+50.70000E-03,-5.35613069E+00,-7.66520107E+00
+50.75000E-03,-5.59904122E+00,-8.06721112E+00
+50.80000E-03,-6.16015080E+00,-8.37103217E+00
+50.85000E-03,-6.16015080E+00,-8.82469872E+00
+50.90000E-03,-6.56216085E+00,-8.87123123E+00
+50.95000E-03,-6.96417090E+00,-8.93726573E+00
+51.00000E-03,-7.36618096E+00,-9.27324128E+00
+51.05000E-03,-7.36618096E+00,-9.67525133E+00
+51.10000E-03,-7.76819101E+00,-10.07726139E+00
+51.15000E-03,-8.05935954E+00,-10.07726139E+00
+51.20000E-03,-8.31664807E+00,-10.22370840E+00
+51.25000E-03,-8.57221112E+00,-10.87955600E+00
+51.30000E-03,-8.71520714E+00,-10.62226747E+00
+51.35000E-03,-8.97422117E+00,-10.88128150E+00
+51.40000E-03,-9.00465018E+00,-11.25286253E+00
+51.45000E-03,-9.37623122E+00,-11.28329155E+00
+51.50000E-03,-9.69610328E+00,-11.36542955E+00
+51.55000E-03,-9.77824128E+00,-11.68530160E+00
+51.60000E-03,-9.77824128E+00,-11.68530160E+00
+51.65000E-03,-10.18025133E+00,-11.68530160E+00
+51.70000E-03,-10.18025133E+00,-11.99257363E+00
+51.75000E-03,-10.41971088E+00,-12.08731166E+00
+51.80000E-03,-10.96644245E+00,-12.48932171E+00
+51.85000E-03,-10.98427144E+00,-12.48932171E+00
+51.90000E-03,-11.38628149E+00,-12.89133176E+00
+51.95000E-03,-11.78829154E+00,-13.27901630E+00
+52.00000E-03,-11.78829154E+00,-13.29334182E+00
+52.05000E-03,-12.19030160E+00,-13.69535187E+00
+52.10000E-03,-12.59231165E+00,-13.69535187E+00
+52.15000E-03,-12.99432170E+00,-14.09736192E+00
+52.20000E-03,-12.99432170E+00,-14.09736192E+00
+52.25000E-03,-13.39633176E+00,-14.49937198E+00
+52.30000E-03,-13.39633176E+00,-14.49937198E+00
+52.35000E-03,-13.76440933E+00,-14.49937198E+00
+52.40000E-03,-13.79834181E+00,-14.90138203E+00
+52.45000E-03,-14.20035186E+00,-14.90138203E+00
+52.50000E-03,-14.20035186E+00,-14.90316001E+00
+52.55000E-03,-14.20035186E+00,-15.16044854E+00
+52.60000E-03,-14.31469686E+00,-15.18904709E+00
+52.65000E-03,-14.60236192E+00,-15.30339208E+00
+52.70000E-03,-14.60236192E+00,-15.30339208E+00
+52.75000E-03,-14.68455240E+00,-15.30339208E+00
+52.80000E-03,-15.00437197E+00,-15.64287110E+00
+52.85000E-03,-15.00437197E+00,-15.70540214E+00
+52.90000E-03,-15.40638202E+00,-15.70540214E+00
+52.95000E-03,-15.40638202E+00,-16.01272665E+00
+53.00000E-03,-15.56898502E+00,-15.86800513E+00
+53.05000E-03,-15.80839208E+00,-16.10741219E+00
+53.10000E-03,-15.80839208E+00,-16.38258220E+00
+53.15000E-03,-16.07995364E+00,-16.37897375E+00
+53.20000E-03,-16.21040213E+00,-16.50942224E+00
+53.25000E-03,-16.61241218E+00,-16.50942224E+00
+53.30000E-03,-16.61241218E+00,-16.81313831E+00
+53.35000E-03,-16.61241218E+00,-16.86500476E+00
+53.40000E-03,-17.01442224E+00,-16.91143230E+00
+53.45000E-03,-17.01442224E+00,-16.91143230E+00
+53.50000E-03,-17.01442224E+00,-16.91143230E+00
+53.55000E-03,-17.01442224E+00,-16.91143230E+00
+53.60000E-03,-17.01442224E+00,-16.91143230E+00
+53.65000E-03,-17.41643229E+00,-16.91143230E+00
+53.70000E-03,-17.41643229E+00,-16.91143230E+00
+53.75000E-03,-17.41643229E+00,-16.91143230E+00
+53.80000E-03,-17.41643229E+00,-17.17055129E+00
+53.85000E-03,-17.53082977E+00,-16.91143230E+00
+53.90000E-03,-17.81844234E+00,-16.91143230E+00
+53.95000E-03,-17.81844234E+00,-16.91143230E+00
+54.00000E-03,-17.49867526E+00,-16.91143230E+00
+54.05000E-03,-17.81844234E+00,-17.25096380E+00
+54.10000E-03,-17.81844234E+00,-16.91143230E+00
+54.15000E-03,-17.81844234E+00,-16.91143230E+00
+54.20000E-03,-17.81844234E+00,-16.91143230E+00
+54.25000E-03,-17.81844234E+00,-16.91143230E+00
+54.30000E-03,-17.81844234E+00,-16.89349833E+00
+54.35000E-03,-17.81844234E+00,-16.91143230E+00
+54.40000E-03,-17.81844234E+00,-16.50942224E+00
+54.45000E-03,-17.81844234E+00,-16.89721175E+00
+54.50000E-03,-17.81844234E+00,-16.66836431E+00
+54.55000E-03,-17.81844234E+00,-16.50942224E+00
+54.60000E-03,-17.81844234E+00,-16.50942224E+00
+54.65000E-03,-17.81844234E+00,-16.72033573E+00
+54.70000E-03,-17.88463431E+00,-16.57561421E+00
+54.75000E-03,-18.14192284E+00,-16.50942224E+00
+54.80000E-03,-17.81844234E+00,-16.50942224E+00
+54.85000E-03,-17.85247980E+00,-16.14144965E+00
+54.90000E-03,-18.22045240E+00,-16.39873818E+00
+54.95000E-03,-17.96504682E+00,-16.10741219E+00
+55.00000E-03,-17.82032530E+00,-16.50753929E+00
+55.05000E-03,-18.22045240E+00,-16.25025076E+00
+55.10000E-03,-18.22045240E+00,-16.10741219E+00
+55.15000E-03,-17.84871390E+00,-16.10741219E+00
+55.20000E-03,-18.22045240E+00,-16.10741219E+00
+55.25000E-03,-17.90073780E+00,-16.10741219E+00
+55.30000E-03,-18.22045240E+00,-16.04498613E+00
+55.35000E-03,-18.02558992E+00,-16.10741219E+00
+55.40000E-03,-18.17031144E+00,-16.05727124E+00
+55.45000E-03,-17.91302291E+00,-15.79998270E+00
+55.50000E-03,-18.22045240E+00,-15.70540214E+00
+55.55000E-03,-18.20246595E+00,-15.70540214E+00
+55.60000E-03,-17.81844234E+00,-15.70540214E+00
+55.65000E-03,-18.22045240E+00,-15.43394554E+00
+55.70000E-03,-17.81844234E+00,-15.69123408E+00
+55.75000E-03,-17.97733192E+00,-15.30339208E+00
+55.80000E-03,-17.81844234E+00,-15.40179104E+00
+55.85000E-03,-17.81844234E+00,-14.94770459E+00
+55.90000E-03,-17.81844234E+00,-15.11234800E+00
+55.95000E-03,-17.48267674E+00,-14.90138203E+00
+56.00000E-03,-17.41643229E+00,-14.57784905E+00
+56.05000E-03,-17.41643229E+00,-14.49937198E+00
+56.10000E-03,-17.01442224E+00,-14.49937198E+00
+56.15000E-03,-17.01442224E+00,-14.09736192E+00
+56.20000E-03,-16.61241218E+00,-13.95070496E+00
+56.25000E-03,-16.61241218E+00,-13.69535187E+00
+56.30000E-03,-16.21040213E+00,-13.29334182E+00
+56.35000E-03,-15.92289453E+00,-13.29334182E+00
+56.40000E-03,-15.80839208E+00,-12.51954078E+00
+56.45000E-03,-15.63345149E+00,-12.71639117E+00
+56.50000E-03,-15.32403408E+00,-12.08731166E+00
+56.55000E-03,-15.00437197E+00,-12.08731166E+00
+56.60000E-03,-14.79727688E+00,-11.68530160E+00
+56.65000E-03,-14.60236192E+00,-11.28329155E+00
+56.70000E-03,-14.20035186E+00,-11.28329155E+00
+56.75000E-03,-14.20035186E+00,-10.88128150E+00
+56.80000E-03,-14.18231293E+00,-10.88128150E+00
+56.85000E-03,-13.79834181E+00,-10.47927144E+00
+56.90000E-03,-13.39633176E+00,-10.47927144E+00
+56.95000E-03,-13.39633176E+00,-10.07726139E+00
+57.00000E-03,-12.99432170E+00,-9.67525133E+00
+57.05000E-03,-12.89587026E+00,-9.37169272E+00
+57.10000E-03,-12.54604157E+00,-9.27324128E+00
+57.15000E-03,-12.19030160E+00,-9.08224968E+00
+57.20000E-03,-12.19030160E+00,-8.46922117E+00
+57.25000E-03,-11.78829154E+00,-8.46922117E+00
+57.30000E-03,-11.38628149E+00,-8.06721112E+00
+57.35000E-03,-11.38628149E+00,-7.66520107E+00
+57.40000E-03,-10.98427144E+00,-7.66520107E+00
+57.45000E-03,-10.83756199E+00,-7.26319101E+00
+57.50000E-03,-10.18223925E+00,-7.26120309E+00
+57.55000E-03,-10.32298493E+00,-6.86118096E+00
+57.60000E-03,-9.77824128E+00,-6.45917091E+00
+57.65000E-03,-9.40639780E+00,-6.08732744E+00
+57.70000E-03,-9.37623122E+00,-5.65515080E+00
+57.75000E-03,-9.05662160E+00,-5.57275037E+00
+57.80000E-03,-8.63453220E+00,-5.25314075E+00
+57.85000E-03,-8.36516851E+00,-4.85113069E+00
+57.90000E-03,-8.17020106E+00,-4.44912064E+00
+57.95000E-03,-7.76819101E+00,-4.75665510E+00
+58.00000E-03,-7.60537807E+00,-4.28630770E+00
+58.05000E-03,-7.36618096E+00,-4.04711059E+00
+58.10000E-03,-7.36618096E+00,-3.64510053E+00
+58.15000E-03,-7.23552252E+00,-3.37374891E+00
+58.20000E-03,-6.96417090E+00,-3.24309048E+00
+58.25000E-03,-6.72094545E+00,-3.08430588E+00
+58.30000E-03,-6.25865472E+00,-3.24309048E+00
+58.35000E-03,-6.16015080E+00,-2.79486284E+00
+58.40000E-03,-5.94907985E+00,-2.43907037E+00
+58.45000E-03,-5.69179132E+00,-2.03706032E+00
+58.50000E-03,-4.95412064E+00,-1.63505027E+00
+58.55000E-03,-4.55211058E+00,-1.23304021E+00
+58.60000E-03,-4.15010053E+00,-831.03016E-03
+58.65000E-03,-3.74809048E+00,-318.49350E-03
+58.70000E-03,-3.34608042E+00,-27.01005E-03
+58.75000E-03,-3.74605007E+00,-27.01005E-03
+58.80000E-03,-3.34608042E+00,+115.67106E-03
+58.85000E-03,-3.34608042E+00,+260.39258E-03
+58.90000E-03,-3.34608042E+00,-27.01005E-03
+58.95000E-03,-3.11890598E+00,-27.01005E-03
+59.00000E-03,-3.34608042E+00,+292.54708E-03
+59.05000E-03,-3.34608042E+00,+375.00000E-03
+59.10000E-03,-3.34608042E+00,+179.98007E-03
+59.15000E-03,-3.34608042E+00,-27.01005E-03
+59.20000E-03,-3.34608042E+00,+67.41305E-03
+59.25000E-03,-3.18321500E+00,+375.00000E-03
+59.30000E-03,-2.94407037E+00,+375.00000E-03
+59.35000E-03,-2.94407037E+00,+375.00000E-03
+59.40000E-03,-2.94407037E+00,+777.01005E-03
+59.45000E-03,-2.93005977E+00,+777.01005E-03
+59.50000E-03,-2.54206032E+00,+1.17902011E+00
+59.55000E-03,-2.04149385E+00,+1.27757652E+00
+59.60000E-03,-1.73804021E+00,+1.58103016E+00
+59.65000E-03,-1.33603016E+00,+1.98304021E+00
+59.70000E-03,-934.02010E-03,+1.98304021E+00
+59.75000E-03,-934.02010E-03,+2.70874071E+00
+59.80000E-03,-532.01005E-03,+2.78706032E+00
+59.85000E-03,-130.00000E-03,+3.18907037E+00
+59.90000E-03,+161.53594E-03,+3.18907037E+00
+59.95000E-03,+418.82448E-03,+3.33588479E+00
+60.00000E-03,+674.02011E-03,+3.99309048E+00
+60.05000E-03,+816.64873E-03,+4.39510053E+00
+60.10000E-03,+1.07603016E+00,+4.39510053E+00
+60.15000E-03,+1.47804022E+00,+4.39510053E+00
+60.20000E-03,+1.88005027E+00,+4.79711059E+00
+60.25000E-03,+1.88005027E+00,+4.79711059E+00
+60.30000E-03,+2.21984421E+00,+5.19912064E+00
+60.35000E-03,+2.48899796E+00,+5.60113069E+00
+60.40000E-03,+2.68407038E+00,+5.60113069E+00
+60.45000E-03,+2.99170981E+00,+6.00314075E+00
+60.50000E-03,+3.08608043E+00,+6.40515080E+00
+60.55000E-03,+3.48809049E+00,+6.40515080E+00
+60.60000E-03,+3.89010054E+00,+6.80716085E+00
+60.65000E-03,+4.29211059E+00,+7.20917091E+00
+60.70000E-03,+4.69412065E+00,+7.59722285E+00
+60.75000E-03,+4.85280028E+00,+7.61118096E+00
+60.80000E-03,+5.09613070E+00,+8.01319101E+00
+60.85000E-03,+5.49814075E+00,+8.41520107E+00
+60.90000E-03,+5.68897489E+00,+8.41520107E+00
+60.95000E-03,+5.96660520E+00,+8.81721112E+00
+61.00000E-03,+6.62590379E+00,+8.89547825E+00
+61.05000E-03,+6.70417091E+00,+9.21922117E+00
+61.10000E-03,+7.10618097E+00,+9.25352106E+00
+61.15000E-03,+7.10618097E+00,+9.62123123E+00
+61.20000E-03,+7.50819102E+00,+10.02324128E+00
+61.25000E-03,+7.91020107E+00,+10.02324128E+00
+61.30000E-03,+7.91020107E+00,+10.16581742E+00
+61.35000E-03,+8.19749873E+00,+10.42525133E+00
+61.40000E-03,+8.31221113E+00,+10.82726139E+00
+61.45000E-03,+8.71422118E+00,+10.82726139E+00
+61.50000E-03,+8.71422118E+00,+11.14671355E+00
+61.55000E-03,+9.11623123E+00,+11.22927144E+00
+61.60000E-03,+9.11623123E+00,+11.22927144E+00
+61.65000E-03,+9.11623123E+00,+11.22927144E+00
+61.70000E-03,+9.51824129E+00,+11.63128150E+00
+61.75000E-03,+9.68121169E+00,+11.87032115E+00
+61.80000E-03,+9.93850022E+00,+12.03329155E+00
+61.85000E-03,+10.04672398E+00,+12.30882896E+00
+61.90000E-03,+10.72427145E+00,+12.30448571E+00
+61.95000E-03,+10.73817707E+00,+12.44920723E+00
+62.00000E-03,+11.12628150E+00,+13.08069456E+00
+62.05000E-03,+11.52829155E+00,+13.23932171E+00
+62.10000E-03,+11.93030161E+00,+13.28538184E+00
+62.15000E-03,+12.12108326E+00,+13.64133176E+00
+62.20000E-03,+12.33231166E+00,+13.97683493E+00
+62.25000E-03,+12.33231166E+00,+14.04334182E+00
+62.30000E-03,+12.73432171E+00,+14.04334182E+00
+62.35000E-03,+13.13633177E+00,+14.44535187E+00
+62.40000E-03,+13.13633177E+00,+14.73699278E+00
+62.45000E-03,+13.13633177E+00,+14.44535187E+00
+62.50000E-03,+13.13633177E+00,+14.44535187E+00
+62.55000E-03,+13.27885542E+00,+14.84736192E+00
+62.60000E-03,+13.53834182E+00,+14.84736192E+00
+62.65000E-03,+13.91039524E+00,+14.84736192E+00
+62.70000E-03,+13.94035187E+00,+15.02204008E+00
+62.75000E-03,+13.94035187E+00,+15.24937198E+00
+62.80000E-03,+14.28025079E+00,+14.90947306E+00
+62.85000E-03,+14.34236193E+00,+15.24937198E+00
+62.90000E-03,+14.34236193E+00,+15.24937198E+00
+62.95000E-03,+14.74437198E+00,+15.34363762E+00
+63.00000E-03,+14.90739487E+00,+15.65138203E+00
+63.05000E-03,+15.14638203E+00,+15.65138203E+00
+63.10000E-03,+15.14638203E+00,+16.05339208E+00
+63.15000E-03,+15.41752371E+00,+15.92252370E+00
+63.20000E-03,+15.54839209E+00,+16.05339208E+00
+63.25000E-03,+15.54839209E+00,+16.05339208E+00
+63.30000E-03,+15.95040214E+00,+16.45540214E+00
+63.35000E-03,+15.95040214E+00,+16.45540214E+00
+63.40000E-03,+15.95040214E+00,+16.45540214E+00
+63.45000E-03,+16.35241219E+00,+16.45540214E+00
+63.50000E-03,+16.35241219E+00,+16.45540214E+00
+63.55000E-03,+16.57529587E+00,+16.67828581E+00
+63.60000E-03,+16.38681706E+00,+16.48980700E+00
+63.65000E-03,+16.75442225E+00,+16.85741219E+00
+63.70000E-03,+16.75442225E+00,+16.45540214E+00
+63.75000E-03,+16.75442225E+00,+16.45540214E+00
+63.80000E-03,+16.75442225E+00,+16.85741219E+00
+63.85000E-03,+16.75442225E+00,+16.57021951E+00
+63.90000E-03,+16.75442225E+00,+16.85741219E+00
+63.95000E-03,+16.92904792E+00,+16.45540214E+00
+64.00000E-03,+16.83708511E+00,+16.53806500E+00
+64.05000E-03,+16.81648090E+00,+16.51746079E+00
+64.10000E-03,+17.15643230E+00,+16.45540214E+00
+64.15000E-03,+17.15643230E+00,+16.45540214E+00
+64.20000E-03,+16.84863541E+00,+16.45540214E+00
+64.25000E-03,+17.15643230E+00,+16.69433682E+00
+64.30000E-03,+17.15643230E+00,+16.45540214E+00
+64.35000E-03,+17.15643230E+00,+16.45540214E+00
+64.40000E-03,+17.15643230E+00,+16.32448127E+00
+64.45000E-03,+17.15643230E+00,+16.45540214E+00
+64.50000E-03,+17.39992018E+00,+16.29687996E+00
+64.55000E-03,+17.15643230E+00,+16.15215844E+00
+64.60000E-03,+17.15643230E+00,+16.09934724E+00
+64.65000E-03,+17.15643230E+00,+16.24406876E+00
+64.70000E-03,+17.15643230E+00,+16.05339208E+00
+64.75000E-03,+17.15643230E+00,+16.05339208E+00
+64.80000E-03,+17.15643230E+00,+16.05339208E+00
+64.85000E-03,+17.15643230E+00,+16.05339208E+00
+64.90000E-03,+17.55844235E+00,+15.94312791E+00
+64.95000E-03,+17.30345666E+00,+15.90636772E+00
+65.00000E-03,+17.15873514E+00,+15.65368487E+00
+65.05000E-03,+17.15643230E+00,+15.91097341E+00
+65.10000E-03,+17.44357250E+00,+15.65138203E+00
+65.15000E-03,+17.15643230E+00,+15.65138203E+00
+65.20000E-03,+17.15643230E+00,+15.65138203E+00
+65.25000E-03,+17.15643230E+00,+15.65138203E+00
+65.30000E-03,+17.55844235E+00,+15.58937586E+00
+65.35000E-03,+17.15643230E+00,+15.65138203E+00
+65.40000E-03,+17.15643230E+00,+15.65138203E+00
+65.45000E-03,+17.46428168E+00,+15.65138203E+00
+65.50000E-03,+17.15643230E+00,+15.24937198E+00
+65.55000E-03,+17.15643230E+00,+15.24937198E+00
+65.60000E-03,+17.15643230E+00,+15.24937198E+00
+65.65000E-03,+17.15643230E+00,+15.24937198E+00
+65.70000E-03,+17.15643230E+00,+15.23562381E+00
+65.75000E-03,+17.15643230E+00,+15.24937198E+00
+65.80000E-03,+17.15643230E+00,+14.84736192E+00
+65.85000E-03,+17.15643230E+00,+14.84736192E+00
+65.90000E-03,+16.96580811E+00,+14.84736192E+00
+65.95000E-03,+16.75442225E+00,+14.44535187E+00
+66.00000E-03,+16.75442225E+00,+14.44535187E+00
+66.05000E-03,+16.57519089E+00,+14.22257317E+00
+66.10000E-03,+16.35241219E+00,+14.04334182E+00
+66.15000E-03,+16.24220051E+00,+13.64133176E+00
+66.20000E-03,+15.95040214E+00,+13.64133176E+00
+66.25000E-03,+15.95040214E+00,+13.23932171E+00
+66.30000E-03,+15.54839209E+00,+12.83731166E+00
+66.35000E-03,+15.26130438E+00,+12.72238931E+00
+66.40000E-03,+14.77417116E+00,+12.43530160E+00
+66.45000E-03,+14.74437198E+00,+12.03329155E+00
+66.50000E-03,+14.66160414E+00,+11.63128150E+00
+66.55000E-03,+14.34236193E+00,+11.63128150E+00
+66.60000E-03,+13.94035187E+00,+11.22927144E+00
+66.65000E-03,+13.94035187E+00,+11.17865811E+00
+66.70000E-03,+13.63245001E+00,+10.82726139E+00
+66.75000E-03,+13.37516148E+00,+10.42525133E+00
+66.80000E-03,+13.13633177E+00,+10.42525133E+00
+66.85000E-03,+12.73432171E+00,+10.02324128E+00
+66.90000E-03,+12.73432171E+00,+9.89221544E+00
+66.95000E-03,+12.34600734E+00,+9.23291686E+00
+67.00000E-03,+12.17389446E+00,+9.21922117E+00
+67.05000E-03,+11.93030161E+00,+9.21922117E+00
+67.10000E-03,+11.88445142E+00,+8.81721112E+00
+67.15000E-03,+11.52829155E+00,+8.41520107E+00
+67.20000E-03,+11.46157473E+00,+8.34848424E+00
+67.25000E-03,+11.12628150E+00,+8.01319101E+00
+67.30000E-03,+10.72427145E+00,+7.79046480E+00
+67.35000E-03,+10.68970912E+00,+7.57661864E+00
+67.40000E-03,+10.32226139E+00,+7.20917091E+00
+67.45000E-03,+10.06738068E+00,+6.95429019E+00
+67.50000E-03,+9.91784352E+00,+6.80716085E+00
+67.55000E-03,+9.51824129E+00,+6.40515080E+00
+67.60000E-03,+9.11623123E+00,+6.00314075E+00
+67.65000E-03,+8.71422118E+00,+5.60113069E+00
+67.70000E-03,+8.71422118E+00,+5.60113069E+00
+67.75000E-03,+8.31221113E+00,+5.19912064E+00
+67.80000E-03,+7.91020107E+00,+4.79711059E+00
+67.85000E-03,+7.91020107E+00,+4.39510053E+00
+67.90000E-03,+7.50819102E+00,+4.34443472E+00
+67.95000E-03,+7.10618097E+00,+3.99309048E+00
+68.00000E-03,+6.86740374E+00,+3.82985765E+00
+68.05000E-03,+6.32067217E+00,+3.18907037E+00
+68.10000E-03,+6.30216086E+00,+3.18907037E+00
+68.15000E-03,+6.17108253E+00,+3.18907037E+00
+68.20000E-03,+5.90015081E+00,+2.78706032E+00
+68.25000E-03,+5.90015081E+00,+2.78706032E+00
+68.30000E-03,+5.59706457E+00,+2.38505027E+00
+68.35000E-03,+5.49814075E+00,+2.02883791E+00
+68.40000E-03,+5.09613070E+00,+1.98304021E+00
+68.45000E-03,+4.69412065E+00,+1.58103016E+00
+68.50000E-03,+4.29211059E+00,+1.17902011E+00
+68.55000E-03,+3.89010054E+00,+777.01005E-03
+68.60000E-03,+3.12069524E+00,+340.38519E-03
+68.65000E-03,+3.08608043E+00,-27.01005E-03
+68.70000E-03,+2.83125220E+00,-429.02011E-03
+68.75000E-03,+2.68407038E+00,-429.02011E-03
+68.80000E-03,+2.68407038E+00,-429.02011E-03
+68.85000E-03,+2.68407038E+00,-429.02011E-03
+68.90000E-03,+2.68407038E+00,-429.02011E-03
+68.95000E-03,+2.68407038E+00,-429.02011E-03
+69.00000E-03,+2.68407038E+00,-429.02011E-03
+69.05000E-03,+2.68407038E+00,-429.02011E-03
+69.10000E-03,+2.68407038E+00,-429.02011E-03
+69.15000E-03,+2.68407038E+00,-77.72836E-03
+69.20000E-03,+2.37606354E+00,-429.02011E-03
+69.25000E-03,+2.28206033E+00,-429.02011E-03
+69.30000E-03,+2.28206033E+00,-447.58391E-03
+69.35000E-03,+2.28206033E+00,-831.03016E-03
+69.40000E-03,+2.15092951E+00,-831.03016E-03
+69.45000E-03,+1.88005027E+00,-1.23304021E+00
+69.50000E-03,+1.47804022E+00,-1.63505027E+00
+69.55000E-03,+1.37906391E+00,-1.73402657E+00
+69.60000E-03,+719.76533E-03,-2.03706032E+00
+69.65000E-03,+483.55338E-03,-2.24860364E+00
+69.70000E-03,+272.01006E-03,-2.77425863E+00
+69.75000E-03,-130.00000E-03,-2.84108043E+00
+69.80000E-03,-309.38881E-03,-3.24309048E+00
+69.85000E-03,-532.01005E-03,-3.24309048E+00
+69.90000E-03,-934.02010E-03,-3.93705636E+00
+69.95000E-03,-1.08125441E+00,-4.04711059E+00
+70.00000E-03,-1.33603016E+00,-4.04962338E+00
+70.05000E-03,-1.73804021E+00,-4.44912064E+00
+70.10000E-03,-2.14005026E+00,-4.85113069E+00
+70.15000E-03,-2.14005026E+00,-5.22349903E+00
+70.20000E-03,-2.54206032E+00,-5.25314075E+00
+70.25000E-03,-2.54206032E+00,-5.25314075E+00
+70.30000E-03,-2.94407037E+00,-5.65515080E+00
+70.35000E-03,-3.34608042E+00,-6.05716085E+00
+70.40000E-03,-3.34608042E+00,-6.05716085E+00
+70.45000E-03,-3.74809048E+00,-6.45917091E+00
+70.50000E-03,-3.74809048E+00,-6.45917091E+00
+70.55000E-03,-4.15010053E+00,-6.86118096E+00
+70.60000E-03,-4.55211058E+00,-7.26319101E+00
+70.65000E-03,-4.68329388E+00,-7.53401777E+00
+70.70000E-03,-5.35613069E+00,-7.66520107E+00
+70.75000E-03,-5.75814074E+00,-7.66520107E+00
+70.80000E-03,-5.75814074E+00,-8.06721112E+00
+70.85000E-03,-6.16015080E+00,-8.46922117E+00
+70.90000E-03,-6.56216085E+00,-8.87123123E+00
+70.95000E-03,-6.96417090E+00,-9.20636699E+00
+71.00000E-03,-6.96417090E+00,-9.27324128E+00
+71.05000E-03,-7.14361220E+00,-9.67525133E+00
+71.10000E-03,-7.73347123E+00,-9.70997112E+00
+71.15000E-03,-7.76819101E+00,-9.78525307E+00
+71.20000E-03,-8.17020106E+00,-10.22454818E+00
+71.25000E-03,-8.17020106E+00,-10.47927144E+00
+71.30000E-03,-8.57221112E+00,-10.47927144E+00
+71.35000E-03,-8.68734341E+00,-10.88128150E+00
+71.40000E-03,-9.00381040E+00,-10.88128150E+00
+71.45000E-03,-9.37623122E+00,-11.28329155E+00
+71.50000E-03,-9.37623122E+00,-11.28329155E+00
+71.55000E-03,-9.37623122E+00,-11.34503529E+00
+71.60000E-03,-9.77824128E+00,-11.48975681E+00
+71.65000E-03,-10.12942805E+00,-11.98566510E+00
+71.70000E-03,-10.18025133E+00,-11.68530160E+00
+71.75000E-03,-10.18025133E+00,-11.84869189E+00
+71.80000E-03,-10.58226138E+00,-12.08731166E+00
+71.85000E-03,-10.70831413E+00,-12.21336440E+00
+71.90000E-03,-11.38628149E+00,-12.62055749E+00
+71.95000E-03,-11.38628149E+00,-12.89133176E+00
+72.00000E-03,-11.78829154E+00,-13.04953902E+00
+72.05000E-03,-12.19030160E+00,-13.29334182E+00
+72.10000E-03,-12.19030160E+00,-13.69535187E+00
+72.15000E-03,-12.59231165E+00,-14.09736192E+00
+72.20000E-03,-12.99432170E+00,-14.09736192E+00
+72.25000E-03,-12.99432170E+00,-14.42157723E+00
+72.30000E-03,-13.39633176E+00,-14.49937198E+00
+72.35000E-03,-13.39633176E+00,-14.49937198E+00
+72.40000E-03,-13.79834181E+00,-14.49937198E+00
+72.45000E-03,-13.79834181E+00,-14.90138203E+00
+72.50000E-03,-13.79834181E+00,-14.90138203E+00
+72.55000E-03,-13.94044557E+00,-14.90138203E+00
+72.60000E-03,-14.20035186E+00,-14.90138203E+00
+72.65000E-03,-14.20035186E+00,-14.90138203E+00
+72.70000E-03,-14.60236192E+00,-15.30339208E+00
+72.75000E-03,-14.60236192E+00,-15.30339208E+00
+72.80000E-03,-15.00437197E+00,-15.30339208E+00
+72.85000E-03,-15.00437197E+00,-15.70540214E+00
+72.90000E-03,-15.35550626E+00,-15.70540214E+00
+72.95000E-03,-15.40638202E+00,-15.70540214E+00
+73.00000E-03,-15.64494930E+00,-15.70540214E+00
+73.05000E-03,-15.80839208E+00,-16.10741219E+00
+73.10000E-03,-15.80839208E+00,-16.38342198E+00
+73.15000E-03,-15.93968035E+00,-16.23870046E+00
+73.20000E-03,-16.21040213E+00,-16.50942224E+00
+73.25000E-03,-16.45425742E+00,-16.50942224E+00
+73.30000E-03,-16.61241218E+00,-16.91143230E+00
+73.35000E-03,-16.61241218E+00,-16.91143230E+00
+73.40000E-03,-16.61241218E+00,-16.91143230E+00
+73.45000E-03,-16.67939144E+00,-16.50942224E+00
+73.50000E-03,-17.01442224E+00,-16.91143230E+00
+73.55000E-03,-17.01442224E+00,-16.91143230E+00
+73.60000E-03,-17.41643229E+00,-16.91143230E+00
+73.65000E-03,-17.01442224E+00,-16.91143230E+00
+73.70000E-03,-17.41643229E+00,-16.91143230E+00
+73.75000E-03,-17.41643229E+00,-16.91143230E+00
+73.80000E-03,-17.41643229E+00,-16.91143230E+00
+73.85000E-03,-17.70320508E+00,-16.91143230E+00
+73.90000E-03,-17.44591655E+00,-16.91143230E+00
+73.95000E-03,-17.81844234E+00,-16.91143230E+00
+74.00000E-03,-17.41643229E+00,-16.91143230E+00
+74.05000E-03,-17.81844234E+00,-16.91143230E+00
+74.10000E-03,-17.81844234E+00,-16.91143230E+00
+74.15000E-03,-17.76751409E+00,-16.96236055E+00
+74.20000E-03,-17.81844234E+00,-16.91143230E+00
+74.25000E-03,-17.81844234E+00,-16.91143230E+00
+74.30000E-03,-17.81844234E+00,-16.91143230E+00
+74.35000E-03,-17.81844234E+00,-16.91143230E+00
+74.40000E-03,-17.81844234E+00,-16.50942224E+00
+74.45000E-03,-17.81844234E+00,-16.91143230E+00
+74.50000E-03,-17.81844234E+00,-16.66752452E+00
+74.55000E-03,-17.81844234E+00,-16.50942224E+00
+74.60000E-03,-18.17491713E+00,-16.91143230E+00
+74.65000E-03,-18.00869913E+00,-16.50942224E+00
+74.70000E-03,-18.15342065E+00,-16.50942224E+00
+74.75000E-03,-18.22045240E+00,-16.50942224E+00
+74.80000E-03,-18.04085364E+00,-16.50942224E+00
+74.85000E-03,-18.22045240E+00,-16.50942224E+00
+74.90000E-03,-18.22045240E+00,-16.50942224E+00
+74.95000E-03,-18.22045240E+00,-16.36197799E+00
+75.00000E-03,-17.82116508E+00,-16.11013492E+00
+75.05000E-03,-18.22045240E+00,-16.24941097E+00
+75.10000E-03,-18.22045240E+00,-16.39413249E+00
+75.15000E-03,-18.19102063E+00,-16.10741219E+00
+75.20000E-03,-17.99259564E+00,-16.10741219E+00
+75.25000E-03,-17.90157759E+00,-16.10741219E+00
+75.30000E-03,-18.15886612E+00,-16.10741219E+00
+75.35000E-03,-18.22045240E+00,-15.90110439E+00
+75.40000E-03,-17.86942308E+00,-16.10741219E+00
+75.45000E-03,-18.12671161E+00,-16.01367141E+00
+75.50000E-03,-17.81844234E+00,-15.86894989E+00
+75.55000E-03,-17.81844234E+00,-15.72422837E+00
+75.60000E-03,-18.22045240E+00,-15.70540214E+00
+75.65000E-03,-17.81844234E+00,-15.70540214E+00
+75.70000E-03,-17.81844234E+00,-15.70540214E+00
+75.75000E-03,-18.06240260E+00,-15.54735234E+00
+75.80000E-03,-17.81844234E+00,-15.30339208E+00
+75.85000E-03,-17.81844234E+00,-15.30339208E+00
+75.90000E-03,-17.62823804E+00,-15.30339208E+00
+75.95000E-03,-17.75135811E+00,-14.96846626E+00
+76.00000E-03,-17.49406958E+00,-14.57700926E+00
+76.05000E-03,-17.23678105E+00,-14.72173078E+00
+76.10000E-03,-17.01442224E+00,-14.49937198E+00
+76.15000E-03,-17.01442224E+00,-14.09736192E+00
+76.20000E-03,-16.61241218E+00,-14.09736192E+00
+76.25000E-03,-16.61241218E+00,-13.69535187E+00
+76.30000E-03,-16.47046589E+00,-13.69535187E+00
+76.35000E-03,-15.92373431E+00,-13.29334182E+00
+76.40000E-03,-15.80839208E+00,-12.89133176E+00
+76.45000E-03,-15.58048283E+00,-12.89133176E+00
+76.50000E-03,-15.40638202E+00,-12.40613398E+00
+76.55000E-03,-15.00437197E+00,-12.08731166E+00
+76.60000E-03,-15.00437197E+00,-12.08731166E+00
+76.65000E-03,-14.60236192E+00,-11.68530160E+00
+76.70000E-03,-14.50867362E+00,-11.28329155E+00
+76.75000E-03,-14.20035186E+00,-11.04488173E+00
+76.80000E-03,-13.79834181E+00,-10.90016021E+00
+76.85000E-03,-13.79834181E+00,-10.47927144E+00
+76.90000E-03,-13.52777749E+00,-10.47927144E+00
+76.95000E-03,-13.38305597E+00,-10.07726139E+00
+77.00000E-03,-12.99432170E+00,-9.83324864E+00
+77.05000E-03,-12.89503048E+00,-9.67525133E+00
+77.10000E-03,-12.59231165E+00,-9.27324128E+00
+77.15000E-03,-12.59231165E+00,-9.27324128E+00
+77.20000E-03,-12.19030160E+00,-8.87123123E+00
+77.25000E-03,-12.11271680E+00,-8.54680598E+00
+77.30000E-03,-11.56598522E+00,-8.24691485E+00
+77.35000E-03,-11.38628149E+00,-8.06721112E+00
+77.40000E-03,-11.38628149E+00,-7.66520107E+00
+77.45000E-03,-10.98427144E+00,-7.66520107E+00
+77.50000E-03,-10.58226138E+00,-7.26319101E+00
+77.55000E-03,-10.32214514E+00,-6.86118096E+00
+77.60000E-03,-10.18025133E+00,-6.86118096E+00
+77.65000E-03,-9.77824128E+00,-6.45917091E+00
+77.70000E-03,-9.37623122E+00,-6.05716085E+00
+77.75000E-03,-9.37623122E+00,-5.65515080E+00
+77.80000E-03,-8.91273987E+00,-5.25314075E+00
+77.85000E-03,-8.57221112E+00,-5.05733352E+00
+77.90000E-03,-8.17020106E+00,-4.85113069E+00
+77.95000E-03,-8.07656525E+00,-4.75749488E+00
+78.00000E-03,-7.76819101E+00,-4.44912064E+00
+78.05000E-03,-7.36618096E+00,-4.04711059E+00
+78.10000E-03,-7.36618096E+00,-3.77089085E+00
+78.15000E-03,-6.96417090E+00,-3.64510053E+00
+78.20000E-03,-6.95094760E+00,-3.24309048E+00
+78.25000E-03,-6.56216085E+00,-3.24309048E+00
+78.30000E-03,-6.56216085E+00,-2.84108043E+00
+78.35000E-03,-6.51678304E+00,-2.84108043E+00
+78.40000E-03,-6.16015080E+00,-2.43907037E+00
+78.45000E-03,-5.75814074E+00,-2.03706032E+00
+78.50000E-03,-5.03165295E+00,-1.95952801E+00
+78.55000E-03,-4.95412064E+00,-1.23304021E+00
+78.60000E-03,-4.18513523E+00,-831.03016E-03
+78.65000E-03,-3.85777730E+00,-429.02011E-03
+78.70000E-03,-3.74809048E+00,-27.01005E-03
+78.75000E-03,-3.34608042E+00,-27.01005E-03
+78.80000E-03,-3.34608042E+00,+114.83127E-03
+78.85000E-03,-3.34608042E+00,-27.01005E-03
+78.90000E-03,-3.34608042E+00,+345.72569E-03
+78.95000E-03,-3.34608042E+00,+146.98578E-03
+79.00000E-03,-3.02736307E+00,-27.01005E-03
+79.05000E-03,-3.34608042E+00,-27.01005E-03
+79.10000E-03,-3.34608042E+00,+375.00000E-03
+79.15000E-03,-3.29494223E+00,-27.01005E-03
+79.20000E-03,-3.03765369E+00,+66.57327E-03
+79.25000E-03,-2.94407037E+00,+375.00000E-03
+79.30000E-03,-2.94407037E+00,+375.00000E-03
+79.35000E-03,-2.94407037E+00,+500.73783E-03
+79.40000E-03,-2.54206032E+00,+645.45935E-03
+79.45000E-03,-2.54206032E+00,+777.01005E-03
+79.50000E-03,-2.14005026E+00,+1.17902011E+00
+79.55000E-03,-2.14005026E+00,+1.17902011E+00
+79.60000E-03,-1.73804021E+00,+1.93771489E+00
+79.65000E-03,-1.33603016E+00,+1.79299337E+00
+79.70000E-03,-1.26878846E+00,+2.05028191E+00
+79.75000E-03,-934.02010E-03,+2.38505027E+00
+79.80000E-03,-309.80870E-03,+2.78706032E+00
+79.85000E-03,-130.00000E-03,+3.18907037E+00
+79.90000E-03,+272.01006E-03,+3.18907037E+00
+79.95000E-03,+674.02011E-03,+3.59108043E+00
+80.00000E-03,+674.02011E-03,+3.59108043E+00
+80.05000E-03,+1.07603016E+00,+3.99309048E+00
+80.10000E-03,+1.07603016E+00,+4.39510053E+00
+80.15000E-03,+1.47804022E+00,+4.79711059E+00
+80.20000E-03,+1.88005027E+00,+4.79711059E+00
+80.25000E-03,+1.88005027E+00,+5.11577545E+00
+80.30000E-03,+1.94142660E+00,+5.19912064E+00
+80.35000E-03,+2.28206033E+00,+5.39503284E+00
+80.40000E-03,+2.68407038E+00,+5.60113069E+00
+80.45000E-03,+2.99254959E+00,+6.00314075E+00
+80.50000E-03,+3.24983813E+00,+6.16689844E+00
+80.55000E-03,+3.48809049E+00,+6.40515080E+00
+80.60000E-03,+4.16642525E+00,+6.80716085E+00
+80.65000E-03,+4.02170373E+00,+6.93876404E+00
+80.70000E-03,+4.30522892E+00,+7.20917091E+00
+80.75000E-03,+4.69412065E+00,+7.61118096E+00
+80.80000E-03,+5.09613070E+00,+7.71062964E+00
+80.85000E-03,+5.49814075E+00,+8.01319101E+00
+80.90000E-03,+5.90015081E+00,+8.41520107E+00
+80.95000E-03,+5.90015081E+00,+8.48249525E+00
+81.00000E-03,+6.30216086E+00,+8.81721112E+00
+81.05000E-03,+6.70417091E+00,+9.21922117E+00
+81.10000E-03,+6.70417091E+00,+9.25436085E+00
+81.15000E-03,+7.10618097E+00,+9.62123123E+00
+81.20000E-03,+7.50819102E+00,+9.76893791E+00
+81.25000E-03,+7.50819102E+00,+10.02324128E+00
+81.30000E-03,+7.91020107E+00,+10.42525133E+00
+81.35000E-03,+8.31221113E+00,+10.42525133E+00
+81.40000E-03,+8.31221113E+00,+10.45442067E+00
+81.45000E-03,+8.71422118E+00,+10.82726139E+00
+81.50000E-03,+8.71422118E+00,+11.14587377E+00
+81.55000E-03,+9.11623123E+00,+10.88858523E+00
+81.60000E-03,+9.11623123E+00,+11.22927144E+00
+81.65000E-03,+9.11623123E+00,+11.58003833E+00
+81.70000E-03,+9.42476293E+00,+11.53780314E+00
+81.75000E-03,+9.51824129E+00,+11.63128150E+00
+81.80000E-03,+9.92025134E+00,+12.01420289E+00
+81.85000E-03,+10.32226139E+00,+12.03329155E+00
+81.90000E-03,+10.59261577E+00,+12.43530160E+00
+81.95000E-03,+10.72427145E+00,+12.82424581E+00
+82.00000E-03,+11.12628150E+00,+13.08153435E+00
+82.05000E-03,+11.52829155E+00,+13.13982054E+00
+82.10000E-03,+11.88508126E+00,+13.23932171E+00
+82.15000E-03,+11.93030161E+00,+13.64133176E+00
+82.20000E-03,+12.33231166E+00,+13.64133176E+00
+82.25000E-03,+12.40968652E+00,+14.04334182E+00
+82.30000E-03,+12.55440804E+00,+14.04334182E+00
+82.35000E-03,+13.13633177E+00,+14.07853397E+00
+82.40000E-03,+13.13633177E+00,+14.44535187E+00
+82.45000E-03,+13.13633177E+00,+14.44535187E+00
+82.50000E-03,+13.13936942E+00,+14.84432427E+00
+82.55000E-03,+13.27801563E+00,+14.44535187E+00
+82.60000E-03,+13.53834182E+00,+14.44535187E+00
+82.65000E-03,+13.53834182E+00,+14.84736192E+00
+82.70000E-03,+13.76651350E+00,+14.84736192E+00
+82.75000E-03,+13.94035187E+00,+14.84736192E+00
+82.80000E-03,+13.94035187E+00,+15.18810062E+00
+82.85000E-03,+14.34236193E+00,+15.24937198E+00
+82.90000E-03,+14.34236193E+00,+15.24937198E+00
+82.95000E-03,+14.65094612E+00,+15.55795616E+00
+83.00000E-03,+14.74437198E+00,+15.65138203E+00
+83.05000E-03,+15.12724089E+00,+15.65138203E+00
+83.10000E-03,+15.14638203E+00,+15.65138203E+00
+83.15000E-03,+15.14638203E+00,+15.78309019E+00
+83.20000E-03,+15.54839209E+00,+16.05339208E+00
+83.25000E-03,+15.79266726E+00,+16.05339208E+00
+83.30000E-03,+15.54839209E+00,+16.05339208E+00
+83.35000E-03,+15.95040214E+00,+16.45540214E+00
+83.40000E-03,+15.95040214E+00,+16.24328147E+00
+83.45000E-03,+16.01780129E+00,+16.45540214E+00
+83.50000E-03,+16.35241219E+00,+16.45540214E+00
+83.55000E-03,+16.35241219E+00,+16.45540214E+00
+83.60000E-03,+16.35241219E+00,+16.45540214E+00
+83.65000E-03,+16.75442225E+00,+16.74793531E+00
+83.70000E-03,+16.60661059E+00,+16.70960053E+00
+83.75000E-03,+16.75442225E+00,+16.85432205E+00
+83.80000E-03,+16.75442225E+00,+16.59703352E+00
+83.85000E-03,+16.75442225E+00,+16.74175504E+00
+83.90000E-03,+17.12736793E+00,+16.82834782E+00
+83.95000E-03,+16.75442225E+00,+16.45540214E+00
+84.00000E-03,+16.75442225E+00,+16.53890478E+00
+84.05000E-03,+16.75442225E+00,+16.51662101E+00
+84.10000E-03,+17.15643230E+00,+16.66134253E+00
+84.15000E-03,+17.15643230E+00,+16.80606405E+00
+84.20000E-03,+17.15643230E+00,+16.45540214E+00
+84.25000E-03,+17.15643230E+00,+16.45540214E+00
+84.30000E-03,+16.79280952E+00,+16.45540214E+00
+84.35000E-03,+16.87995013E+00,+16.45540214E+00
+84.40000E-03,+17.15643230E+00,+16.45540214E+00
+84.45000E-03,+17.15643230E+00,+16.44244127E+00
+84.50000E-03,+16.91210464E+00,+16.21107447E+00
+84.55000E-03,+17.15643230E+00,+16.15299823E+00
+84.60000E-03,+17.15643230E+00,+16.09850746E+00
+84.65000E-03,+17.15643230E+00,+16.24322898E+00
+84.70000E-03,+17.15643230E+00,+16.05339208E+00
+84.75000E-03,+17.15643230E+00,+16.05339208E+00
+84.80000E-03,+17.15643230E+00,+16.05339208E+00
+84.85000E-03,+17.15643230E+00,+16.05339208E+00
+84.90000E-03,+17.44901797E+00,+16.05339208E+00
+84.95000E-03,+17.15643230E+00,+16.05339208E+00
+85.00000E-03,+17.15643230E+00,+16.05339208E+00
+85.05000E-03,+17.15643230E+00,+15.91181319E+00
+85.10000E-03,+17.27214194E+00,+15.93768244E+00
+85.15000E-03,+17.15643230E+00,+15.65138203E+00
+85.20000E-03,+17.15643230E+00,+15.87965868E+00
+85.25000E-03,+17.15643230E+00,+15.65138203E+00
+85.30000E-03,+17.49727597E+00,+15.65138203E+00
+85.35000E-03,+17.55844235E+00,+15.44549412E+00
+85.40000E-03,+17.15643230E+00,+15.59998140E+00
+85.45000E-03,+17.15643230E+00,+15.34269287E+00
+85.50000E-03,+17.15643230E+00,+15.24937198E+00
+85.55000E-03,+17.15643230E+00,+15.26861810E+00
+85.60000E-03,+17.15643230E+00,+15.24937198E+00
+85.65000E-03,+17.28824544E+00,+15.38118511E+00
+85.70000E-03,+17.14352392E+00,+15.24937198E+00
+85.75000E-03,+17.15643230E+00,+15.00499183E+00
+85.80000E-03,+17.05677367E+00,+15.14971335E+00
+85.85000E-03,+17.11136941E+00,+14.84736192E+00
+85.90000E-03,+16.75442225E+00,+14.84736192E+00
+85.95000E-03,+16.75442225E+00,+14.84736192E+00
+86.00000E-03,+16.75442225E+00,+14.44535187E+00
+86.05000E-03,+16.57435111E+00,+14.04334182E+00
+86.10000E-03,+16.71907263E+00,+14.04334182E+00
+86.15000E-03,+16.35241219E+00,+13.75070366E+00
+86.20000E-03,+15.95040214E+00,+13.38723834E+00
+86.25000E-03,+15.54839209E+00,+13.23932171E+00
+86.30000E-03,+15.54839209E+00,+13.09779530E+00
+86.35000E-03,+15.14638203E+00,+12.83731166E+00
+86.40000E-03,+15.14638203E+00,+12.43530160E+00
+86.45000E-03,+14.91805289E+00,+12.03329155E+00
+86.50000E-03,+14.66076436E+00,+11.94968393E+00
+86.55000E-03,+14.34236193E+00,+11.63128150E+00
+86.60000E-03,+14.14618729E+00,+11.63128150E+00
+86.65000E-03,+13.94035187E+00,+11.22927144E+00
+86.70000E-03,+13.63161023E+00,+10.92052979E+00
+86.75000E-03,+13.53834182E+00,+10.66324126E+00
+86.80000E-03,+13.15563037E+00,+10.42525133E+00
+86.85000E-03,+13.13633177E+00,+10.02324128E+00
+86.90000E-03,+12.73432171E+00,+10.02324128E+00
+86.95000E-03,+12.33231166E+00,+9.62123123E+00
+87.00000E-03,+12.33231166E+00,+9.62123123E+00
+87.05000E-03,+12.23260054E+00,+9.21922117E+00
+87.10000E-03,+11.93030161E+00,+9.21922117E+00
+87.15000E-03,+11.52829155E+00,+8.60493299E+00
+87.20000E-03,+11.52829155E+00,+8.41520107E+00
+87.25000E-03,+11.12628150E+00,+8.09035592E+00
+87.30000E-03,+10.94615788E+00,+8.01319101E+00
+87.35000E-03,+10.68886934E+00,+7.61118096E+00
+87.40000E-03,+10.43158081E+00,+7.20917091E+00
+87.45000E-03,+10.06822046E+00,+7.20917091E+00
+87.50000E-03,+9.92025134E+00,+6.80716085E+00
+87.55000E-03,+9.51824129E+00,+6.40515080E+00
+87.60000E-03,+9.11623123E+00,+6.00314075E+00
+87.65000E-03,+9.11623123E+00,+5.63003760E+00
+87.70000E-03,+8.71422118E+00,+5.60113069E+00
+87.75000E-03,+8.31221113E+00,+5.28278075E+00
+87.80000E-03,+7.91020107E+00,+4.79711059E+00
+87.85000E-03,+7.71397395E+00,+4.79711059E+00
+87.90000E-03,+7.15768657E+00,+4.39510053E+00
+87.95000E-03,+7.41497510E+00,+4.30188461E+00
+88.00000E-03,+7.10618097E+00,+3.59108043E+00
+88.05000E-03,+6.70417091E+00,+3.59108043E+00
+88.10000E-03,+6.42753128E+00,+3.18907037E+00
+88.15000E-03,+6.30216086E+00,+3.18907037E+00
+88.20000E-03,+6.28935745E+00,+3.18907037E+00
+88.25000E-03,+5.90015081E+00,+2.94458525E+00
+88.30000E-03,+5.90015081E+00,+2.78706032E+00
+88.35000E-03,+5.49814075E+00,+2.38505027E+00
+88.40000E-03,+5.09613070E+00,+2.17271965E+00
+88.45000E-03,+4.76172974E+00,+1.64863926E+00
+88.50000E-03,+4.29211059E+00,+1.17902011E+00
+88.55000E-03,+3.89010054E+00,+777.01005E-03
+88.60000E-03,+3.48809049E+00,+375.00000E-03
+88.65000E-03,+3.08608043E+00,-27.01005E-03
+88.70000E-03,+2.83209198E+00,-175.03166E-03
+88.75000E-03,+2.68407038E+00,-429.02011E-03
+88.80000E-03,+2.68407038E+00,-429.02011E-03
+88.85000E-03,+2.68407038E+00,-429.02011E-03
+88.90000E-03,+2.65521596E+00,-429.02011E-03
+88.95000E-03,+2.68407038E+00,-429.02011E-03
+89.00000E-03,+2.60035779E+00,-429.02011E-03
+89.05000E-03,+2.68407038E+00,-429.02011E-03
+89.10000E-03,+2.68407038E+00,-429.02011E-03
+89.15000E-03,+2.68407038E+00,-429.02011E-03
+89.20000E-03,+2.59090695E+00,-737.86673E-03
+89.25000E-03,+2.28206033E+00,-429.02011E-03
+89.30000E-03,+2.28206033E+00,-448.42369E-03
+89.35000E-03,+2.28206033E+00,-831.03016E-03
+89.40000E-03,+2.28206033E+00,-831.03016E-03
+89.45000E-03,+1.49079114E+00,-1.62229934E+00
+89.50000E-03,+1.47804022E+00,-1.63505027E+00
+89.55000E-03,+1.17584625E+00,-1.63505027E+00
+89.60000E-03,+1.07603016E+00,-1.99215489E+00
+89.65000E-03,+674.02011E-03,-2.22668727E+00
+89.70000E-03,+272.01006E-03,-2.50673196E+00
+89.75000E-03,-130.00000E-03,-2.84108043E+00
+89.80000E-03,-130.00000E-03,-3.02130902E+00
+89.85000E-03,-532.01005E-03,-3.64510053E+00
+89.90000E-03,-641.22449E-03,-3.93789614E+00
+89.95000E-03,-1.08209419E+00,-4.04711059E+00
+90.00000E-03,-1.33603016E+00,-4.05046316E+00
+90.05000E-03,-1.73804021E+00,-4.44912064E+00
+90.10000E-03,-1.73804021E+00,-4.85113069E+00
+90.15000E-03,-2.14005026E+00,-4.85113069E+00
+90.20000E-03,-2.14005026E+00,-5.25314075E+00
+90.25000E-03,-2.86030529E+00,-5.33690583E+00
+90.30000E-03,-2.60301676E+00,-5.71610724E+00
+90.35000E-03,-3.14040246E+00,-6.05716085E+00
+90.40000E-03,-3.34608042E+00,-6.05716085E+00
+90.45000E-03,-3.74809048E+00,-6.45917091E+00
+90.50000E-03,-3.98592294E+00,-6.62334849E+00
+90.55000E-03,-4.15010053E+00,-6.86118096E+00
+90.60000E-03,-4.55211058E+00,-7.13792556E+00
+90.65000E-03,-4.82209756E+00,-7.26319101E+00
+90.70000E-03,-5.35613069E+00,-7.66520107E+00
+90.75000E-03,-5.51355065E+00,-7.90979116E+00
+90.80000E-03,-5.75814074E+00,-8.06721112E+00
+90.85000E-03,-6.16015080E+00,-8.46922117E+00
+90.90000E-03,-6.56216085E+00,-8.87123123E+00
+90.95000E-03,-6.56216085E+00,-8.87123123E+00
+91.00000E-03,-7.28917351E+00,-9.27324128E+00
+91.05000E-03,-7.36618096E+00,-9.49497025E+00
+91.10000E-03,-7.73263145E+00,-9.71081090E+00
+91.15000E-03,-8.06103911E+00,-10.07726139E+00
+91.20000E-03,-8.17020106E+00,-10.07726139E+00
+91.25000E-03,-8.17020106E+00,-10.47927144E+00
+91.30000E-03,-8.57221112E+00,-10.47927144E+00
+91.35000E-03,-8.97422117E+00,-10.88128150E+00
+91.40000E-03,-8.97422117E+00,-11.28329155E+00
+91.45000E-03,-9.37623122E+00,-11.28329155E+00
+91.50000E-03,-9.69442371E+00,-11.28329155E+00
+91.55000E-03,-9.77824128E+00,-11.62439765E+00
+91.60000E-03,-9.57261580E+00,-11.68530160E+00
+91.65000E-03,-9.77824128E+00,-11.68530160E+00
+91.70000E-03,-10.18025133E+00,-11.68530160E+00
+91.75000E-03,-10.41803131E+00,-12.08731166E+00
+91.80000E-03,-10.58226138E+00,-12.10682021E+00
+91.85000E-03,-10.98427144E+00,-12.48932171E+00
+91.90000E-03,-11.38628149E+00,-12.89133176E+00
+91.95000E-03,-11.38628149E+00,-12.89133176E+00
+92.00000E-03,-11.78829154E+00,-13.29334182E+00
+92.05000E-03,-12.19030160E+00,-13.39326288E+00
+92.10000E-03,-12.23510206E+00,-13.69535187E+00
+92.15000E-03,-12.78183363E+00,-14.09736192E+00
+92.20000E-03,-12.99432170E+00,-14.09736192E+00
+92.25000E-03,-13.39633176E+00,-14.49937198E+00
+92.30000E-03,-13.39633176E+00,-14.49937198E+00
+92.35000E-03,-13.43194381E+00,-14.49937198E+00
+92.40000E-03,-13.79834181E+00,-14.79227256E+00
+92.45000E-03,-13.79834181E+00,-14.90138203E+00
+92.50000E-03,-14.20035186E+00,-14.90138203E+00
+92.55000E-03,-14.20035186E+00,-14.90138203E+00
+92.60000E-03,-14.20035186E+00,-14.90138203E+00
+92.65000E-03,-14.22904883E+00,-14.90138203E+00
+92.70000E-03,-14.60236192E+00,-15.47681056E+00
+92.75000E-03,-14.60236192E+00,-15.30339208E+00
+92.80000E-03,-14.94352050E+00,-15.64455067E+00
+92.85000E-03,-15.00437197E+00,-15.49982915E+00
+92.90000E-03,-15.00437197E+00,-15.65368659E+00
+92.95000E-03,-15.40638202E+00,-15.70540214E+00
+93.00000E-03,-15.40638202E+00,-15.86968470E+00
+93.05000E-03,-15.80839208E+00,-15.72496318E+00
+93.10000E-03,-15.80839208E+00,-16.10741219E+00
+93.15000E-03,-15.94052013E+00,-16.50942224E+00
+93.20000E-03,-16.21040213E+00,-16.10741219E+00
+93.25000E-03,-16.61241218E+00,-16.50942224E+00
+93.30000E-03,-16.51243864E+00,-16.81145875E+00
+93.35000E-03,-16.61241218E+00,-16.86668432E+00
+93.40000E-03,-16.82495275E+00,-16.91143230E+00
+93.45000E-03,-17.01442224E+00,-16.91143230E+00
+93.50000E-03,-17.01442224E+00,-16.91143230E+00
+93.55000E-03,-17.01442224E+00,-16.91143230E+00
+93.60000E-03,-17.05008677E+00,-16.91143230E+00
+93.65000E-03,-17.12347922E+00,-16.91143230E+00
+93.70000E-03,-17.16265379E+00,-16.91143230E+00
+93.75000E-03,-17.41643229E+00,-17.30993232E+00
+93.80000E-03,-17.41643229E+00,-16.91143230E+00
+93.85000E-03,-17.41643229E+00,-16.91143230E+00
+93.90000E-03,-17.41643229E+00,-16.91143230E+00
+93.95000E-03,-17.58979829E+00,-16.91143230E+00
+94.00000E-03,-17.50035483E+00,-16.91143230E+00
+94.05000E-03,-17.81844234E+00,-16.91143230E+00
+94.10000E-03,-17.81844234E+00,-16.91143230E+00
+94.15000E-03,-17.81844234E+00,-16.91143230E+00
+94.20000E-03,-17.50938578E+00,-16.91143230E+00
+94.25000E-03,-17.81844234E+00,-16.91143230E+00
+94.30000E-03,-17.81844234E+00,-16.91143230E+00
+94.35000E-03,-17.81844234E+00,-16.91143230E+00
+94.40000E-03,-17.81844234E+00,-16.50942224E+00
+94.45000E-03,-17.81844234E+00,-16.50942224E+00
+94.50000E-03,-17.81844234E+00,-16.50942224E+00
+94.55000E-03,-17.81844234E+00,-16.50942224E+00
+94.60000E-03,-17.81844234E+00,-16.50942224E+00
+94.65000E-03,-18.03103539E+00,-16.50942224E+00
+94.70000E-03,-17.81844234E+00,-16.50942224E+00
+94.75000E-03,-17.89529234E+00,-16.50942224E+00
+94.80000E-03,-17.81844234E+00,-16.50942224E+00
+94.85000E-03,-18.18473538E+00,-16.50942224E+00
+94.90000E-03,-18.22045240E+00,-16.50942224E+00
+94.95000E-03,-17.81844234E+00,-16.36113821E+00
+95.00000E-03,-17.82200486E+00,-16.50585973E+00
+95.05000E-03,-17.95960135E+00,-16.50942224E+00
+95.10000E-03,-17.81844234E+00,-16.10741219E+00
+95.15000E-03,-18.22045240E+00,-16.13600418E+00
+95.20000E-03,-17.81844234E+00,-16.10741219E+00
+95.25000E-03,-17.90241737E+00,-16.10741219E+00
+95.30000E-03,-17.81844234E+00,-16.10741219E+00
+95.35000E-03,-17.81844234E+00,-15.70540214E+00
+95.40000E-03,-18.16863188E+00,-15.75722265E+00
+95.45000E-03,-17.81844234E+00,-16.01451119E+00
+95.50000E-03,-17.81844234E+00,-15.70540214E+00
+95.55000E-03,-17.81844234E+00,-15.70540214E+00
+95.60000E-03,-18.09539689E+00,-15.70540214E+00
+95.65000E-03,-17.81844234E+00,-15.43562511E+00
+95.70000E-03,-17.81844234E+00,-15.69291364E+00
+95.75000E-03,-17.81844234E+00,-15.46060210E+00
+95.80000E-03,-17.81844234E+00,-15.30339208E+00
+95.85000E-03,-17.46107529E+00,-15.30339208E+00
+95.90000E-03,-17.60579681E+00,-15.09074655E+00
+95.95000E-03,-17.75051833E+00,-14.90138203E+00
+96.00000E-03,-17.41643229E+00,-14.90138203E+00
+96.05000E-03,-17.41643229E+00,-14.49937198E+00
+96.10000E-03,-17.38066278E+00,-14.49937198E+00
+96.15000E-03,-17.01442224E+00,-14.09736192E+00
+96.20000E-03,-16.86608572E+00,-14.09736192E+00
+96.25000E-03,-16.21401713E+00,-13.69535187E+00
+96.30000E-03,-16.21040213E+00,-13.55424535E+00
+96.35000E-03,-16.21040213E+00,-13.29334182E+00
+96.40000E-03,-15.80839208E+00,-12.89133176E+00
+96.45000E-03,-15.80839208E+00,-12.66258273E+00
+96.50000E-03,-15.40638202E+00,-12.48932171E+00
+96.55000E-03,-15.00437197E+00,-12.08731166E+00
+96.60000E-03,-15.00437197E+00,-11.68530160E+00
+96.65000E-03,-14.60236192E+00,-11.68530160E+00
+96.70000E-03,-14.60236192E+00,-11.28329155E+00
+96.75000E-03,-14.20035186E+00,-11.04572151E+00
+96.80000E-03,-14.18063336E+00,-10.88128150E+00
+96.85000E-03,-13.79834181E+00,-10.47927144E+00
+96.90000E-03,-13.79834181E+00,-10.47927144E+00
+96.95000E-03,-13.00675771E+00,-10.07726139E+00
+97.00000E-03,-13.23917423E+00,-9.92010386E+00
+97.05000E-03,-12.99432170E+00,-9.67525133E+00
+97.10000E-03,-12.63690216E+00,-9.27324128E+00
+97.15000E-03,-12.59231165E+00,-9.27324128E+00
+97.20000E-03,-12.19030160E+00,-8.87123123E+00
+97.25000E-03,-12.19030160E+00,-8.46922117E+00
+97.30000E-03,-11.78829154E+00,-8.46922117E+00
+97.35000E-03,-11.38628149E+00,-8.06721112E+00
+97.40000E-03,-11.09317096E+00,-7.95831160E+00
+97.45000E-03,-10.98427144E+00,-7.66520107E+00
+97.50000E-03,-10.58226138E+00,-7.26319101E+00
+97.55000E-03,-10.58226138E+00,-7.12213698E+00
+97.60000E-03,-10.18025133E+00,-6.86118096E+00
+97.65000E-03,-10.15176431E+00,-6.08564787E+00
+97.70000E-03,-9.54943976E+00,-5.82835934E+00
+97.75000E-03,-9.37623122E+00,-5.73923080E+00
+97.80000E-03,-8.97422117E+00,-5.59450928E+00
+97.85000E-03,-8.57221112E+00,-5.25314075E+00
+97.90000E-03,-8.17020106E+00,-4.85113069E+00
+97.95000E-03,-8.17020106E+00,-4.75833467E+00
+98.00000E-03,-7.76819101E+00,-4.21160309E+00
+98.05000E-03,-7.36618096E+00,-4.42934966E+00
+98.10000E-03,-7.36618096E+00,-3.77005107E+00
+98.15000E-03,-7.23384296E+00,-3.64510053E+00
+98.20000E-03,-6.96417090E+00,-3.64510053E+00
+98.25000E-03,-6.56216085E+00,-3.24309048E+00
+98.30000E-03,-6.56216085E+00,-2.94126392E+00
+98.35000E-03,-6.56216085E+00,-2.88561845E+00
+98.40000E-03,-6.16015080E+00,-2.84108043E+00
+98.45000E-03,-6.09212181E+00,-2.43907037E+00
+98.50000E-03,-5.35613069E+00,-2.03706032E+00
+98.55000E-03,-4.95412064E+00,-1.45445427E+00
+98.60000E-03,-4.55211058E+00,-1.23304021E+00
+98.65000E-03,-3.85693751E+00,-429.02011E-03
+98.70000E-03,-3.74809048E+00,-27.01005E-03
+98.75000E-03,-3.34608042E+00,-27.01005E-03
+98.80000E-03,-3.34608042E+00,-27.01005E-03
+98.85000E-03,-3.22979343E+00,+89.27694E-03
+98.90000E-03,-3.34608042E+00,-27.01005E-03
+98.95000E-03,-3.34608042E+00,-27.01005E-03
+99.00000E-03,-3.34608042E+00,+290.86752E-03
+99.05000E-03,-3.34608042E+00,-27.01005E-03
+99.10000E-03,-3.34608042E+00,-27.01005E-03
+99.15000E-03,-3.34608042E+00,-27.01005E-03
+99.20000E-03,-3.34608042E+00,+282.25646E-03
+99.25000E-03,-3.18153543E+00,+375.00000E-03
+99.30000E-03,-3.32625695E+00,+375.00000E-03
+99.35000E-03,-2.94407037E+00,+375.00000E-03
+99.40000E-03,-2.67445080E+00,+777.01005E-03
+99.45000E-03,-2.54206032E+00,+777.01005E-03
+99.50000E-03,-2.14005026E+00,+1.02196755E+00
+99.55000E-03,-2.14005026E+00,+1.17902011E+00
+99.60000E-03,-1.73804021E+00,+1.58103016E+00
+99.65000E-03,-1.33603016E+00,+1.98304021E+00
+99.70000E-03,-1.33603016E+00,+2.05112169E+00
+99.75000E-03,-934.02010E-03,+2.38505027E+00
+99.80000E-03,-712.65854E-03,+2.60641183E+00
+99.85000E-03,-532.01005E-03,+3.15314341E+00
+99.90000E-03,+163.21551E-03,+3.18907037E+00
+99.95000E-03,+272.01006E-03,+3.33756436E+00
+100.00000E-03,+674.02011E-03,+3.59108043E+00
+100.05000E-03,+814.96917E-03,+3.85214142E+00
+100.10000E-03,+1.07603016E+00,+4.39510053E+00
+100.15000E-03,+1.07603016E+00,+4.39510053E+00
+100.20000E-03,+1.47804022E+00,+4.79711059E+00
+100.25000E-03,+1.88005027E+00,+4.79711059E+00
+100.30000E-03,+2.22152378E+00,+5.19912064E+00
+100.35000E-03,+2.28206033E+00,+5.19912064E+00
+100.40000E-03,+2.28206033E+00,+5.60113069E+00
+100.45000E-03,+2.68407038E+00,+5.91044969E+00
+100.50000E-03,+3.08608043E+00,+6.00314075E+00
+100.55000E-03,+3.48809049E+00,+6.38527484E+00
+100.60000E-03,+3.48809049E+00,+6.80716085E+00
+100.65000E-03,+3.89010054E+00,+6.93960383E+00
+100.70000E-03,+4.29211059E+00,+7.20917091E+00
+100.75000E-03,+4.69412065E+00,+7.36617098E+00
+100.80000E-03,+5.09613070E+00,+7.61118096E+00
+100.85000E-03,+5.09613070E+00,+8.01319101E+00
+100.90000E-03,+5.49814075E+00,+8.41520107E+00
+100.95000E-03,+5.90015081E+00,+8.81721112E+00
+101.00000E-03,+6.30216086E+00,+8.81721112E+00
+101.05000E-03,+6.48286183E+00,+8.81721112E+00
+101.10000E-03,+6.70417091E+00,+9.62123123E+00
+101.15000E-03,+7.10618097E+00,+9.62123123E+00
+101.20000E-03,+7.10618097E+00,+9.87469481E+00
+101.25000E-03,+7.90637612E+00,+10.02324128E+00
+101.30000E-03,+7.91020107E+00,+10.16413785E+00
+101.35000E-03,+8.19581916E+00,+10.42525133E+00
+101.40000E-03,+8.31221113E+00,+10.45358089E+00
+101.45000E-03,+8.71422118E+00,+10.82726139E+00
+101.50000E-03,+8.71422118E+00,+11.14503399E+00
+101.55000E-03,+8.71422118E+00,+11.22927144E+00
+101.60000E-03,+9.11623123E+00,+11.22927144E+00
+101.65000E-03,+9.16831418E+00,+11.22927144E+00
+101.70000E-03,+9.20886980E+00,+11.32191001E+00
+101.75000E-03,+9.28088120E+00,+11.63128150E+00
+101.80000E-03,+9.92025134E+00,+11.65120994E+00
+101.85000E-03,+10.19746832E+00,+12.03329155E+00
+101.90000E-03,+10.32226139E+00,+12.43530160E+00
+101.95000E-03,+10.72427145E+00,+12.44752766E+00
+102.00000E-03,+11.12628150E+00,+12.83731166E+00
+102.05000E-03,+11.22662245E+00,+13.23932171E+00
+102.10000E-03,+11.52829155E+00,+13.23932171E+00
+102.15000E-03,+11.93030161E+00,+13.64133176E+00
+102.20000E-03,+12.33231166E+00,+13.97515537E+00
+102.25000E-03,+12.33231166E+00,+14.04334182E+00
+102.30000E-03,+12.73432171E+00,+14.04334182E+00
+102.35000E-03,+12.77035365E+00,+14.04334182E+00
+102.40000E-03,+12.84301129E+00,+14.04334182E+00
+102.45000E-03,+13.13633177E+00,+14.44535187E+00
+102.50000E-03,+13.13633177E+00,+14.44535187E+00
+102.55000E-03,+13.39749774E+00,+14.44535187E+00
+102.60000E-03,+13.53834182E+00,+14.56179632E+00
+102.65000E-03,+13.53834182E+00,+14.84736192E+00
+102.70000E-03,+13.71134041E+00,+14.84736192E+00
+102.75000E-03,+13.94035187E+00,+14.93165187E+00
+102.80000E-03,+13.94035187E+00,+14.84736192E+00
+102.85000E-03,+14.14550497E+00,+15.05251502E+00
+102.90000E-03,+14.34236193E+00,+15.24937198E+00
+102.95000E-03,+14.43494801E+00,+15.55879595E+00
+103.00000E-03,+14.74437198E+00,+15.48667958E+00
+103.05000E-03,+15.14638203E+00,+15.65138203E+00
+103.10000E-03,+15.14638203E+00,+15.77612262E+00
+103.15000E-03,+15.27892998E+00,+16.05339208E+00
+103.20000E-03,+15.53621851E+00,+16.05339208E+00
+103.25000E-03,+15.54839209E+00,+16.05339208E+00
+103.30000E-03,+15.64878553E+00,+16.15378552E+00
+103.35000E-03,+15.95040214E+00,+16.45540214E+00
+103.40000E-03,+15.95040214E+00,+16.24244168E+00
+103.45000E-03,+16.01864107E+00,+16.45540214E+00
+103.50000E-03,+16.02688473E+00,+16.45540214E+00
+103.55000E-03,+16.35241219E+00,+16.45540214E+00
+103.60000E-03,+16.35241219E+00,+16.45540214E+00
+103.65000E-03,+16.64578515E+00,+16.45540214E+00
+103.70000E-03,+16.75442225E+00,+16.70876075E+00
+103.75000E-03,+16.75442225E+00,+16.45540214E+00
+103.80000E-03,+16.75442225E+00,+16.71662059E+00
+103.85000E-03,+16.75442225E+00,+16.74091525E+00
+103.90000E-03,+16.75442225E+00,+16.48362672E+00
+103.95000E-03,+16.75442225E+00,+16.68446608E+00
+104.00000E-03,+16.75442225E+00,+16.45540214E+00
+104.05000E-03,+16.75442225E+00,+16.51578123E+00
+104.10000E-03,+16.95133169E+00,+16.45540214E+00
+104.15000E-03,+17.15643230E+00,+16.45540214E+00
+104.20000E-03,+17.15643230E+00,+16.45540214E+00
+104.25000E-03,+17.15643230E+00,+16.45540214E+00
+104.30000E-03,+17.15643230E+00,+16.85741219E+00
+104.35000E-03,+17.15643230E+00,+16.45540214E+00
+104.40000E-03,+17.15643230E+00,+16.45540214E+00
+104.45000E-03,+17.15643230E+00,+16.45540214E+00
+104.50000E-03,+17.15643230E+00,+16.29855953E+00
+104.55000E-03,+17.15643230E+00,+16.45540214E+00
+104.60000E-03,+17.15643230E+00,+16.05339208E+00
+104.65000E-03,+17.15643230E+00,+16.24238920E+00
+104.70000E-03,+17.15643230E+00,+16.05339208E+00
+104.75000E-03,+17.15643230E+00,+16.05339208E+00
+104.80000E-03,+17.15643230E+00,+16.05339208E+00
+104.85000E-03,+17.15643230E+00,+16.05339208E+00
+104.90000E-03,+17.15643230E+00,+16.05339208E+00
+104.95000E-03,+17.15643230E+00,+16.05339208E+00
+105.00000E-03,+17.55445995E+00,+15.65536444E+00
+105.05000E-03,+17.55844235E+00,+16.05339208E+00
+105.10000E-03,+17.44189293E+00,+15.65138203E+00
+105.15000E-03,+17.15643230E+00,+15.65138203E+00
+105.20000E-03,+17.15643230E+00,+15.88049846E+00
+105.25000E-03,+17.15643230E+00,+15.65138203E+00
+105.30000E-03,+17.15643230E+00,+15.65138203E+00
+105.35000E-03,+17.15643230E+00,+15.65138203E+00
+105.40000E-03,+17.15643230E+00,+15.65138203E+00
+105.45000E-03,+17.15643230E+00,+15.65138203E+00
+105.50000E-03,+17.32123972E+00,+15.41417940E+00
+105.55000E-03,+17.15643230E+00,+15.26945788E+00
+105.60000E-03,+17.15643230E+00,+15.24937198E+00
+105.65000E-03,+17.28908522E+00,+15.24937198E+00
+105.70000E-03,+17.15643230E+00,+15.24937198E+00
+105.75000E-03,+17.15643230E+00,+15.00415204E+00
+105.80000E-03,+16.85492066E+00,+14.84736192E+00
+105.85000E-03,+16.79864536E+00,+14.89158503E+00
+105.90000E-03,+17.15643230E+00,+14.84736192E+00
+105.95000E-03,+16.75442225E+00,+14.84736192E+00
+106.00000E-03,+16.75442225E+00,+14.84736192E+00
+106.05000E-03,+16.75442225E+00,+14.26444095E+00
+106.10000E-03,+16.38860159E+00,+14.04334182E+00
+106.15000E-03,+16.35241219E+00,+14.04334182E+00
+106.20000E-03,+16.35241219E+00,+13.64133176E+00
+106.25000E-03,+15.95040214E+00,+13.23932171E+00
+106.30000E-03,+15.54839209E+00,+13.23932171E+00
+106.35000E-03,+15.54839209E+00,+12.83731166E+00
+106.40000E-03,+15.14638203E+00,+12.43530160E+00
+106.45000E-03,+14.74437198E+00,+12.26246047E+00
+106.50000E-03,+14.74437198E+00,+12.03329155E+00
+106.55000E-03,+14.34236193E+00,+11.63128150E+00
+106.60000E-03,+14.14534751E+00,+11.63128150E+00
+106.65000E-03,+13.94035187E+00,+11.22927144E+00
+106.70000E-03,+13.94035187E+00,+11.13684282E+00
+106.75000E-03,+13.53834182E+00,+10.82726139E+00
+106.80000E-03,+13.13633177E+00,+10.42525133E+00
+106.85000E-03,+13.13633177E+00,+10.30066821E+00
+106.90000E-03,+12.73432171E+00,+10.02324128E+00
+106.95000E-03,+12.73432171E+00,+10.01122517E+00
+107.00000E-03,+12.48904930E+00,+9.46449359E+00
+107.05000E-03,+12.33231166E+00,+9.21922117E+00
+107.10000E-03,+11.93030161E+00,+9.21922117E+00
+107.15000E-03,+11.93030161E+00,+8.81721112E+00
+107.20000E-03,+11.52829155E+00,+8.74881473E+00
+107.25000E-03,+11.45196643E+00,+8.41520107E+00
+107.30000E-03,+11.12628150E+00,+8.01319101E+00
+107.35000E-03,+10.72427145E+00,+7.64742285E+00
+107.40000E-03,+10.32226139E+00,+7.31765054E+00
+107.45000E-03,+10.17345249E+00,+7.20917091E+00
+107.50000E-03,+9.92025134E+00,+6.80716085E+00
+107.55000E-03,+9.51824129E+00,+6.40515080E+00
+107.60000E-03,+9.23288563E+00,+6.40515080E+00
+107.65000E-03,+9.11623123E+00,+6.00314075E+00
+107.70000E-03,+8.71422118E+00,+5.60113069E+00
+107.75000E-03,+8.39671101E+00,+5.51663081E+00
+107.80000E-03,+8.31221113E+00,+5.13889901E+00
+107.85000E-03,+7.91020107E+00,+4.79711059E+00
+107.90000E-03,+7.50819102E+00,+4.39510053E+00
+107.95000E-03,+7.19855710E+00,+4.30272440E+00
+108.00000E-03,+7.10618097E+00,+3.75599282E+00
+108.05000E-03,+6.72436179E+00,+3.59108043E+00
+108.10000E-03,+6.70417091E+00,+3.31360102E+00
+108.15000E-03,+6.30216086E+00,+3.18907037E+00
+108.20000E-03,+6.30216086E+00,+2.78706032E+00
+108.25000E-03,+5.90015081E+00,+2.94374547E+00
+108.30000E-03,+5.90015081E+00,+2.78706032E+00
+108.35000E-03,+5.90015081E+00,+2.78706032E+00
+108.40000E-03,+5.49814075E+00,+2.38505027E+00
+108.45000E-03,+5.09613070E+00,+1.98304021E+00
+108.50000E-03,+4.69412065E+00,+1.58103016E+00
+108.55000E-03,+4.29211059E+00,+1.17902011E+00
+108.60000E-03,+3.89010054E+00,+411.29437E-03
+108.65000E-03,+3.48809049E+00,+81.41709E-03
+108.70000E-03,+3.08608043E+00,-27.01005E-03
+108.75000E-03,+2.68407038E+00,-429.02011E-03
+108.80000E-03,+2.68407038E+00,-569.60176E-03
+108.85000E-03,+2.39876721E+00,-429.02011E-03
+108.90000E-03,+2.68407038E+00,-429.02011E-03
+108.95000E-03,+2.28206033E+00,-429.02011E-03
+109.00000E-03,+2.68407038E+00,-429.02011E-03
+109.05000E-03,+2.68407038E+00,-429.02011E-03
+109.10000E-03,+2.68407038E+00,-429.02011E-03
+109.15000E-03,+2.28206033E+00,-429.02011E-03
+109.20000E-03,+2.68407038E+00,-429.02011E-03
+109.25000E-03,+2.28206033E+00,-429.02011E-03
+109.30000E-03,+2.28206033E+00,-831.03016E-03
+109.35000E-03,+2.28206033E+00,-831.03016E-03
+109.40000E-03,+2.14924995E+00,-831.03016E-03
+109.45000E-03,+1.88005027E+00,-1.22112907E+00
+109.50000E-03,+1.63467288E+00,-1.23304021E+00
+109.55000E-03,+1.47804022E+00,-1.63505027E+00
+109.60000E-03,+1.07603016E+00,-1.99299467E+00
+109.65000E-03,+887.24300E-03,-2.03706032E+00
+109.70000E-03,+605.51875E-03,-2.43907037E+00
+109.75000E-03,+272.01006E-03,-2.43907037E+00
+109.80000E-03,-130.00000E-03,-2.84108043E+00
+109.85000E-03,-130.00000E-03,-3.24309048E+00
+109.90000E-03,-532.01005E-03,-3.64510053E+00
+109.95000E-03,-934.02010E-03,-3.89819671E+00
+110.00000E-03,-1.33603016E+00,-4.04711059E+00
+110.05000E-03,-1.33603016E+00,-4.30859147E+00
+110.10000E-03,-1.73804021E+00,-4.44912064E+00
+110.15000E-03,-1.76600236E+00,-4.85113069E+00
